Workbook
Name DESCRIPTORS: 'Helper (Do Not Delete)'!$T$3:$W$7
Name FemaleLearners: INPUT!$B$63:$B$112
Name MaleLearners: INPUT!$B$12:$B$61
Name NewTransmu: 'Helper (Do Not Delete)'!$H$3:$K$43
Name T1_Names: TERM1!$B$12:$B$112
Name TRANSMUTATION_TABLE: 'DO NOT DELETE'!$G$2:$J$42

Sheet INPUT
A1: Class Record
A3: (Waiting for the Official DepEd Order)
B4: REGION | I4: DIVISION
B5: SCHOOL NAME | Q5: SCHOOL ID | V5: SCHOOL YEAR
F7: GRADE & SECTION: | N7: TEACHER: | W7: SUBJECT: | Y7: Science
B8: LEARNERS' NAMES
B10: HIGHEST POSSIBLE SCORE
B11: MALE
A12: 1 | B12: Alvarez, Neitan | AS12: =(V12/$V$10)*100 -> #DIV/0!
A13: 2 | B13: Bautista, Mark | AS13: =(V13/$V$10)*100 -> #DIV/0!
A14: 3 | B14: Castro, Daniel | AS14: =(V14/$V$10)*100 -> #DIV/0!
A15: 4 | AS15: =(V15/$V$10)*100 -> #DIV/0!
A16: 5 | AS16: =(V16/$V$10)*100 -> #DIV/0!
A17: 6 | AS17: =(V17/$V$10)*100 -> #DIV/0!
A18: 7 | AS18: =(V18/$V$10)*100 -> #DIV/0!
A19: 8 | AS19: =(V19/$V$10)*100 -> #DIV/0!
A20: 9 | AS20: =(V20/$V$10)*100 -> #DIV/0!
A21: 10 | AS21: =(V21/$V$10)*100 -> #DIV/0!
A22: 11 | AS22: =(V22/$V$10)*100 -> #DIV/0!
A23: 12 | AS23: =(V23/$V$10)*100 -> #DIV/0!
A24: 13 | AS24: =(V24/$V$10)*100 -> #DIV/0!
A25: 14 | AS25: =(V25/$V$10)*100 -> #DIV/0!
A26: 15 | AS26: =(V26/$V$10)*100 -> #DIV/0!
... A61: 50 | AS61: =(V61/$V$10)*100 -> #DIV/0!
B62: FEMALE | AS62: =(V62/$V$10)*100 -> #DIV/0!
A63: 1 | B63: Alcantara, Angela | AS63: =(V63/$V$10)*100 -> #DIV/0!
A64: 2 | B64: Bonifacio, Bea | AS64: =(V64/$V$10)*100 -> #DIV/0!
A65: 3 | B65: Cruz, Claire | AS65: =(V65/$V$10)*100 -> #DIV/0!
A66: 4 | AS66: =(V66/$V$10)*100 -> #DIV/0!
A67: 5 | AS67: =(V67/$V$10)*100 -> #DIV/0!
A68: 6 | AS68: =(V68/$V$10)*100 -> #DIV/0!
A69: 7 | AS69: =(V69/$V$10)*100 -> #DIV/0!
A70: 8 | AS70: =(V70/$V$10)*100 -> #DIV/0!
A71: 9 | AS71: =(V71/$V$10)*100 -> #DIV/0!
A72: 10 | AS72: =(V72/$V$10)*100 -> #DIV/0!
A73: 11 | AS73: =(V73/$V$10)*100 -> #DIV/0!
A74: 12 | AS74: =(V74/$V$10)*100 -> #DIV/0!
A75: 13 | AS75: =(V75/$V$10)*100 -> #DIV/0!
A76: 14 | AS76: =(V76/$V$10)*100 -> #DIV/0!
A77: 15 | AS77: =(V77/$V$10)*100 -> #DIV/0!
... A112: 50 | AS112: =(V112/$V$10)*100 -> #DIV/0!

Sheet TERM1
A1: Class Record
B4: REGION | G4: =INPUT!G4 -> 0 | I4: DIVISION | L4: =INPUT!L4 -> 0
B5: SCHOOL NAME | G5: =INPUT!G5 -> 0 | Q5: SCHOOL ID | S5: =INPUT!S5 -> 0 | V5: SCHOOL YEAR | Z5: =INPUT!Y5 -> 0
A7: TERM 1 | F7: GRADE & SECTION: | J7: =INPUT!J7 -> 0 | N7: TEACHER: | Q7: =INPUT!Q7 -> 0 | X7: SUBJECT: | Z7: =INPUT!Y7 -> Science
B8: LEARNERS' NAMES | F8: WRITTEN / ORAL WORKS (20%) | N8: PRODUCT / PERFORMANCE TASKS (50%) | T8: SUMMATIVE TESTS AND TERM EXAMINATIONS (30%) | Z8: Initial Grade | AA8: TERM GRADE | AB8: DESCRIPTOR
F9: 1 | G9: 2 | H9: 3 | I9: 4 | J9: 5 | K9: Total | L9: PS | M9: WS | N9: 1 | O9: 2 | P9: 3 | Q9: Total | R9: PS | S9: WS | T9: ST1 | U9: ST2 | V9: TE | W9: Total | X9: PS | Y9: WS
B10: HIGHEST POSSIBLE SCORE | F10: 10 | G10: 15 | H10: 15 | I10: 10 | J10: 15 | K10: =IF(COUNT($F10:$J10)=0,"",SUM($F10:$J10)) -> 65 | L10: 100 | M10: 0.2 | N10: 100 | O10: 100 | P10: 100 | Q10: =IF(COUNT($N10:$P10)=0,"",SUM($N10:$P10)) -> 300 | R10: 100 | S10: 0.5 | T10: 50 | U10: 50 | V10: 50 | W10: {=IF(COUNT($T10:$V10=0),"",SUM($T10:$V10))} -> 150 | X10: 100 | Y10: 0.3
B11: MALE | AD11: TEST/EXAM RESULT ANALYSIS | AV11: ST1 | AW11: ST2 | AX11: TE
A12: 1 | B12: =INPUT!B12 -> Alvarez, Neitan | F12: 3 | G12: 5 | H12: 7 | I12: 8 | J12: 9 | K12: =IF(COUNT($F12:$J12)=0,"",SUM($F12:$J12)) -> 32 | L12: =IF(ISERROR(IF($K12="","",ROUND(($K12/$K$10)*$L$10,2))),"",IF($K12="","",ROUND(($K12/$K$10)*$L$10,2))) -> 49.23 | M12: =IF($L12="","",ROUND($L12*$M$10,2)) -> 9.85 | N12: 60 | O12: 65 | P12: 50 | Q12: =IF(COUNT($N12:$P12)=0,"",SUM($N12:$P12)) -> 175 | R12: =IF(ISERROR(IF($Q12="","",ROUND(($Q12/$Q$10)*$R$10,2))),"",IF($Q12="","",ROUND(($Q12/$Q$10)*$R$10,2))) -> 58.33 | S12: =IF($R12="","",ROUND($R12*$S$10,2)) -> 29.17 | T12: 43 | U12: 42 | V12: 40 | W12: =IF(COUNT($T12:$V12)=0,"",SUM($T12:$V12)) -> 125 | X12: =IF(ISERROR(IF($W12="","",ROUND(($W12/$W$10)*$X$10,2))),"",IF($W12="","",ROUND(($W12/$W$10)*$X$10,2))) -> 83.33 | Y12: =IF($X12="","",ROUND($X12*$Y$10,2)) -> 25 | Z12: =IF(ISERROR(IF($W12="","",ROUND(SUM($M12,$S12,$Y12),2))),"",IF($W12="","",ROUND(SUM($M12,$S12,$Y12),2))) -> 64.02 | AA12: =IF(ISERROR(IF($W12="","",VLOOKUP(Z12,NewTransmu,4,TRUE))),"",IF($W12="","",VLOOKUP(Z12,NewTransmu,4,TRUE))) -> 72 | AB12: =IF(ISERROR(IF(AA12="","",VLOOKUP(AA12,DESCRIPTORS,4,TRUE))),"",IF(AA12="","",VLOOKUP(AA12,DESCRIPTORS,4,TRUE))) -> Developing | AV12: =(T12/$T$10)*100 -> 86 | AW12: =(U12/$U$10)*100 -> 84 | AX12: =(V12/$V$10)*100 -> 80
A13: 2 | B13: =INPUT!B13 -> Bautista, Mark | F13: 8 | G13: 13 | H13: 12 | I13: 7 | J13: 14 | K13: =IF(COUNT($F13:$J13)=0,"",SUM($F13:$J13)) -> 54 | L13: =IF(ISERROR(IF($K13="","",ROUND(($K13/$K$10)*$L$10,2))),"",IF($K13="","",ROUND(($K13/$K$10)*$L$10,2))) -> 83.08 | M13: =IF($L13="","",ROUND($L13*$M$10,2)) -> 16.62 | N13: 95 | O13: 90 | P13: 91 | Q13: =IF(COUNT($N13:$P13)=0,"",SUM($N13:$P13)) -> 276 | R13: =IF(ISERROR(IF($Q13="","",ROUND(($Q13/$Q$10)*$R$10,2))),"",IF($Q13="","",ROUND(($Q13/$Q$10)*$R$10,2))) -> 92 | S13: =IF($R13="","",ROUND($R13*$S$10,2)) -> 46 | T13: 40 | U13: 41 | V13: 45 | W13: =IF(COUNT($T13:$V13)=0,"",SUM($T13:$V13)) -> 126 | X13: =IF(ISERROR(IF($W13="","",ROUND(($W13/$W$10)*$X$10,2))),"",IF($W13="","",ROUND(($W13/$W$10)*$X$10,2))) -> 84 | Y13: =IF($X13="","",ROUND($X13*$Y$10,2)) -> 25.2 | Z13: =IF(ISERROR(IF($V13="","",ROUND(SUM($M13,$S13,$Y13),2))),"",IF($V13="","",ROUND(SUM($M13,$S13,$Y13),2))) -> 87.82 | AA13: =IF(ISERROR(IF($V13="","",VLOOKUP(Z13,NewTransmu,4,TRUE))),"",IF($V13="","",VLOOKUP(Z13,NewTransmu,4,TRUE))) -> 89 | AB13: =IF(ISERROR(IF(AA13="","",VLOOKUP(AA13,DESCRIPTORS,4,TRUE))),"",IF(AA13="","",VLOOKUP(AA13,DESCRIPTORS,4,TRUE))) -> Benchmarking | AE13: ST1 | AF13: ST2 | AG13: TE | AV13: =(T13/$T$10)*100 -> 80 | AW13: =(U13/$U$10)*100 -> 82 | AX13: =(V13/$V$10)*100 -> 90
A14: 3 | B14: =INPUT!B14 -> Castro, Daniel | F14: 10 | G14: 13 | H14: 12 | I14: 7 | J14: 14 | K14: =IF(COUNT($F14:$J14)=0,"",SUM($F14:$J14)) -> 56 | L14: =IF(ISERROR(IF($K14="","",ROUND(($K14/$K$10)*$L$10,2))),"",IF($K14="","",ROUND(($K14/$K$10)*$L$10,2))) -> 86.15 | M14: =IF($L14="","",ROUND($L14*$M$10,2)) -> 17.23 | N14: 95 | O14: 90 | P14: 91 | Q14: =IF(COUNT($N14:$P14)=0,"",SUM($N14:$P14)) -> 276 | R14: =IF(ISERROR(IF($Q14="","",ROUND(($Q14/$Q$10)*$R$10,2))),"",IF($Q14="","",ROUND(($Q14/$Q$10)*$R$10,2))) -> 92 | S14: =IF($R14="","",ROUND($R14*$S$10,2)) -> 46 | T14: 45 | U14: 39 | V14: 44 | W14: =IF(COUNT($T14:$V14)=0,"",SUM($T14:$V14)) -> 128 | X14: =IF(ISERROR(IF($W14="","",ROUND(($W14/$W$10)*$X$10,2))),"",IF($W14="","",ROUND(($W14/$W$10)*$X$10,2))) -> 85.33 | Y14: =IF($X14="","",ROUND($X14*$Y$10,2)) -> 25.6 | Z14: =IF(ISERROR(IF($V14="","",ROUND(SUM($M14,$S14,$Y14),2))),"",IF($V14="","",ROUND(SUM($M14,$S14,$Y14),2))) -> 88.83 | AA14: =IF(ISERROR(IF($V14="","",VLOOKUP(Z14,NewTransmu,4,TRUE))),"",IF($V14="","",VLOOKUP(Z14,NewTransmu,4,TRUE))) -> 90 | AB14: =IF(ISERROR(IF(AA14="","",VLOOKUP(AA14,DESCRIPTORS,4,TRUE))),"",IF(AA14="","",VLOOKUP(AA14,DESCRIPTORS,4,TRUE))) -> Advancing | AD14: Number of Examinees: | AE14: =COUNTA(T12:T112) -> 6 | AF14: =COUNTA(U12:U112) -> 6 | AG14: =COUNTA(V12:V112) -> 6 | AV14: =(T14/$T$10)*100 -> 90 | AW14: =(U14/$U$10)*100 -> 78 | AX14: =(V14/$V$10)*100 -> 88
A15: 4 | B15: =INPUT!B15 -> 0 | K15: =IF(COUNT($F15:$J15)=0,"",SUM($F15:$J15)) | L15: =IF(ISERROR(IF($K15="","",ROUND(($K15/$K$10)*$L$10,2))),"",IF($K15="","",ROUND(($K15/$K$10)*$L$10,2))) | M15: =IF($L15="","",ROUND($L15*$M$10,2)) | Q15: =IF(COUNT($N15:$P15)=0,"",SUM($N15:$P15)) | R15: =IF(ISERROR(IF($Q15="","",ROUND(($Q15/$Q$10)*$R$10,2))),"",IF($Q15="","",ROUND(($Q15/$Q$10)*$R$10,2))) | S15: =IF($R15="","",ROUND($R15*$S$10,2)) | W15: =IF(COUNT($T15:$V15)=0,"",SUM($T15:$V15)) | X15: =IF(ISERROR(IF($W15="","",ROUND(($W15/$W$10)*$X$10,2))),"",IF($W15="","",ROUND(($W15/$W$10)*$X$10,2))) | Y15: =IF($X15="","",ROUND($X15*$Y$10,2)) | Z15: =IF(ISERROR(IF($V15="","",ROUND(SUM($M15,$S15,$Y15),2))),"",IF($V15="","",ROUND(SUM($M15,$S15,$Y15),2))) | AA15: =IF(ISERROR(IF($V15="","",VLOOKUP(Z15,NewTransmu,4,TRUE))),"",IF($V15="","",VLOOKUP(Z15,NewTransmu,4,TRUE))) | AB15: =IF(ISERROR(IF(AA15="","",VLOOKUP(AA15,DESCRIPTORS,4,TRUE))),"",IF(AA15="","",VLOOKUP(AA15,DESCRIPTORS,4,TRUE))) | AD15: Highest Possible Score: | AE15: =T10 -> 50 | AF15: =U10 -> 50 | AG15: =V10 -> 50 | AV15: =(T15/$T$10)*100 -> 0 | AW15: =(U15/$U$10)*100 -> 0 | AX15: =(V15/$V$10)*100 -> 0
A16: 5 | B16: =INPUT!B16 -> 0 | K16: =IF(COUNT($F16:$J16)=0,"",SUM($F16:$J16)) | L16: =IF(ISERROR(IF($K16="","",ROUND(($K16/$K$10)*$L$10,2))),"",IF($K16="","",ROUND(($K16/$K$10)*$L$10,2))) | M16: =IF($L16="","",ROUND($L16*$M$10,2)) | Q16: =IF(COUNT($N16:$P16)=0,"",SUM($N16:$P16)) | R16: =IF(ISERROR(IF($Q16="","",ROUND(($Q16/$Q$10)*$R$10,2))),"",IF($Q16="","",ROUND(($Q16/$Q$10)*$R$10,2))) | S16: =IF($R16="","",ROUND($R16*$S$10,2)) | W16: =IF(COUNT($T16:$V16)=0,"",SUM($T16:$V16)) | X16: =IF(ISERROR(IF($W16="","",ROUND(($W16/$W$10)*$X$10,2))),"",IF($W16="","",ROUND(($W16/$W$10)*$X$10,2))) | Y16: =IF($X16="","",ROUND($X16*$Y$10,2)) | Z16: =IF(ISERROR(IF($V16="","",ROUND(SUM($M16,$S16,$Y16),2))),"",IF($V16="","",ROUND(SUM($M16,$S16,$Y16),2))) | AA16: =IF(ISERROR(IF($V16="","",VLOOKUP(Z16,NewTransmu,4,TRUE))),"",IF($V16="","",VLOOKUP(Z16,NewTransmu,4,TRUE))) | AB16: =IF(ISERROR(IF(AA16="","",VLOOKUP(AA16,DESCRIPTORS,4,TRUE))),"",IF(AA16="","",VLOOKUP(AA16,DESCRIPTORS,4,TRUE))) | AV16: =(T16/$T$10)*100 -> 0 | AW16: =(U16/$U$10)*100 -> 0 | AX16: =(V16/$V$10)*100 -> 0
A17: 6 | B17: =INPUT!B17 -> 0 | K17: =IF(COUNT($F17:$J17)=0,"",SUM($F17:$J17)) | L17: =IF(ISERROR(IF($K17="","",ROUND(($K17/$K$10)*$L$10,2))),"",IF($K17="","",ROUND(($K17/$K$10)*$L$10,2))) | M17: =IF($L17="","",ROUND($L17*$M$10,2)) | Q17: =IF(COUNT($N17:$P17)=0,"",SUM($N17:$P17)) | R17: =IF(ISERROR(IF($Q17="","",ROUND(($Q17/$Q$10)*$R$10,2))),"",IF($Q17="","",ROUND(($Q17/$Q$10)*$R$10,2))) | S17: =IF($R17="","",ROUND($R17*$S$10,2)) | W17: =IF(COUNT($T17:$V17)=0,"",SUM($T17:$V17)) | X17: =IF(ISERROR(IF($W17="","",ROUND(($W17/$W$10)*$X$10,2))),"",IF($W17="","",ROUND(($W17/$W$10)*$X$10,2))) | Y17: =IF($X17="","",ROUND($X17*$Y$10,2)) | Z17: =IF(ISERROR(IF($V17="","",ROUND(SUM($M17,$S17,$Y17),2))),"",IF($V17="","",ROUND(SUM($M17,$S17,$Y17),2))) | AA17: =IF(ISERROR(IF($V17="","",VLOOKUP(Z17,NewTransmu,4,TRUE))),"",IF($V17="","",VLOOKUP(Z17,NewTransmu,4,TRUE))) | AB17: =IF(ISERROR(IF(AA17="","",VLOOKUP(AA17,DESCRIPTORS,4,TRUE))),"",IF(AA17="","",VLOOKUP(AA17,DESCRIPTORS,4,TRUE))) | AD17: CRITERION-REFERENCED | AE17: ST1 | AF17: ST2 | AG17: TE | AV17: =(T17/$T$10)*100 -> 0 | AW17: =(U17/$U$10)*100 -> 0 | AX17: =(V17/$V$10)*100 -> 0
A18: 7 | B18: =INPUT!B18 -> 0 | K18: =IF(COUNT($F18:$J18)=0,"",SUM($F18:$J18)) | L18: =IF(ISERROR(IF($K18="","",ROUND(($K18/$K$10)*$L$10,2))),"",IF($K18="","",ROUND(($K18/$K$10)*$L$10,2))) | M18: =IF($L18="","",ROUND($L18*$M$10,2)) | Q18: =IF(COUNT($N18:$P18)=0,"",SUM($N18:$P18)) | R18: =IF(ISERROR(IF($Q18="","",ROUND(($Q18/$Q$10)*$R$10,2))),"",IF($Q18="","",ROUND(($Q18/$Q$10)*$R$10,2))) | S18: =IF($R18="","",ROUND($R18*$S$10,2)) | W18: =IF(COUNT($T18:$V18)=0,"",SUM($T18:$V18)) | X18: =IF(ISERROR(IF($W18="","",ROUND(($W18/$W$10)*$X$10,2))),"",IF($W18="","",ROUND(($W18/$W$10)*$X$10,2))) | Y18: =IF($X18="","",ROUND($X18*$Y$10,2)) | Z18: =IF(ISERROR(IF($V18="","",ROUND(SUM($M18,$S18,$Y18),2))),"",IF($V18="","",ROUND(SUM($M18,$S18,$Y18),2))) | AA18: =IF(ISERROR(IF($V18="","",VLOOKUP(Z18,NewTransmu,4,TRUE))),"",IF($V18="","",VLOOKUP(Z18,NewTransmu,4,TRUE))) | AB18: =IF(ISERROR(IF(AA18="","",VLOOKUP(AA18,DESCRIPTORS,4,TRUE))),"",IF(AA18="","",VLOOKUP(AA18,DESCRIPTORS,4,TRUE))) | AD18: Got 75% & above | AE18: =COUNTIF(AV12:AV112,">=75") -> 4 | AF18: =COUNTIF(AW12:AW112,">=75") -> 5 | AG18: =COUNTIF(AX12:AX112,">=75") -> 5 | AV18: =(T18/$T$10)*100 -> 0 | AW18: =(U18/$U$10)*100 -> 0 | AX18: =(V18/$V$10)*100 -> 0
A19: 8 | B19: =INPUT!B19 -> 0 | K19: =IF(COUNT($F19:$J19)=0,"",SUM($F19:$J19)) | L19: =IF(ISERROR(IF($K19="","",ROUND(($K19/$K$10)*$L$10,2))),"",IF($K19="","",ROUND(($K19/$K$10)*$L$10,2))) | M19: =IF($L19="","",ROUND($L19*$M$10,2)) | Q19: =IF(COUNT($N19:$P19)=0,"",SUM($N19:$P19)) | R19: =IF(ISERROR(IF($Q19="","",ROUND(($Q19/$Q$10)*$R$10,2))),"",IF($Q19="","",ROUND(($Q19/$Q$10)*$R$10,2))) | S19: =IF($R19="","",ROUND($R19*$S$10,2)) | W19: =IF(COUNT($T19:$V19)=0,"",SUM($T19:$V19)) | X19: =IF(ISERROR(IF($W19="","",ROUND(($W19/$W$10)*$X$10,2))),"",IF($W19="","",ROUND(($W19/$W$10)*$X$10,2))) | Y19: =IF($X19="","",ROUND($X19*$Y$10,2)) | Z19: =IF(ISERROR(IF($V19="","",ROUND(SUM($M19,$S19,$Y19),2))),"",IF($V19="","",ROUND(SUM($M19,$S19,$Y19),2))) | AA19: =IF(ISERROR(IF($V19="","",VLOOKUP(Z19,NewTransmu,4,TRUE))),"",IF($V19="","",VLOOKUP(Z19,NewTransmu,4,TRUE))) | AB19: =IF(ISERROR(IF(AA19="","",VLOOKUP(AA19,DESCRIPTORS,4,TRUE))),"",IF(AA19="","",VLOOKUP(AA19,DESCRIPTORS,4,TRUE))) | AD19: Percentage | AE19: =IFERROR(AE18/AE14,"") -> 0.66666667 | AF19: =IFERROR(AF18/AF14,"") -> 0.83333333 | AG19: =IFERROR(AG18/AG14,"") -> 0.83333333 | AV19: =(T19/$T$10)*100 -> 0 | AW19: =(U19/$U$10)*100 -> 0 | AX19: =(V19/$V$10)*100 -> 0
A20: 9 | B20: =INPUT!B20 -> 0 | K20: =IF(COUNT($F20:$J20)=0,"",SUM($F20:$J20)) | L20: =IF(ISERROR(IF($K20="","",ROUND(($K20/$K$10)*$L$10,2))),"",IF($K20="","",ROUND(($K20/$K$10)*$L$10,2))) | M20: =IF($L20="","",ROUND($L20*$M$10,2)) | Q20: =IF(COUNT($N20:$P20)=0,"",SUM($N20:$P20)) | R20: =IF(ISERROR(IF($Q20="","",ROUND(($Q20/$Q$10)*$R$10,2))),"",IF($Q20="","",ROUND(($Q20/$Q$10)*$R$10,2))) | S20: =IF($R20="","",ROUND($R20*$S$10,2)) | W20: =IF(COUNT($T20:$V20)=0,"",SUM($T20:$V20)) | X20: =IF(ISERROR(IF($W20="","",ROUND(($W20/$W$10)*$X$10,2))),"",IF($W20="","",ROUND(($W20/$W$10)*$X$10,2))) | Y20: =IF($X20="","",ROUND($X20*$Y$10,2)) | Z20: =IF(ISERROR(IF($V20="","",ROUND(SUM($M20,$S20,$Y20),2))),"",IF($V20="","",ROUND(SUM($M20,$S20,$Y20),2))) | AA20: =IF(ISERROR(IF($V20="","",VLOOKUP(Z20,NewTransmu,4,TRUE))),"",IF($V20="","",VLOOKUP(Z20,NewTransmu,4,TRUE))) | AB20: =IF(ISERROR(IF(AA20="","",VLOOKUP(AA20,DESCRIPTORS,4,TRUE))),"",IF(AA20="","",VLOOKUP(AA20,DESCRIPTORS,4,TRUE))) | AD20: Got below 75% | AE20: =AE14-AE18 -> 2 | AF20: =AF14-AF18 -> 1 | AG20: =AG14-AG18 -> 1 | AV20: =(T20/$T$10)*100 -> 0 | AW20: =(U20/$U$10)*100 -> 0 | AX20: =(V20/$V$10)*100 -> 0
A21: 10 | B21: =INPUT!B21 -> 0 | K21: =IF(COUNT($F21:$J21)=0,"",SUM($F21:$J21)) | L21: =IF(ISERROR(IF($K21="","",ROUND(($K21/$K$10)*$L$10,2))),"",IF($K21="","",ROUND(($K21/$K$10)*$L$10,2))) | M21: =IF($L21="","",ROUND($L21*$M$10,2)) | Q21: =IF(COUNT($N21:$P21)=0,"",SUM($N21:$P21)) | R21: =IF(ISERROR(IF($Q21="","",ROUND(($Q21/$Q$10)*$R$10,2))),"",IF($Q21="","",ROUND(($Q21/$Q$10)*$R$10,2))) | S21: =IF($R21="","",ROUND($R21*$S$10,2)) | W21: =IF(COUNT($T21:$V21)=0,"",SUM($T21:$V21)) | X21: =IF(ISERROR(IF($W21="","",ROUND(($W21/$W$10)*$X$10,2))),"",IF($W21="","",ROUND(($W21/$W$10)*$X$10,2))) | Y21: =IF($X21="","",ROUND($X21*$Y$10,2)) | Z21: =IF(ISERROR(IF($V21="","",ROUND(SUM($M21,$S21,$Y21),2))),"",IF($V21="","",ROUND(SUM($M21,$S21,$Y21),2))) | AA21: =IF(ISERROR(IF($V21="","",VLOOKUP(Z21,NewTransmu,4,TRUE))),"",IF($V21="","",VLOOKUP(Z21,NewTransmu,4,TRUE))) | AB21: =IF(ISERROR(IF(AA21="","",VLOOKUP(AA21,DESCRIPTORS,4,TRUE))),"",IF(AA21="","",VLOOKUP(AA21,DESCRIPTORS,4,TRUE))) | AD21: Percentage | AE21: =IFERROR(1-AE19,"") -> 0.33333333 | AF21: =IFERROR(1-AF19,"") -> 0.16666667 | AG21: =IFERROR(1-AG19,"") -> 0.16666667 | AV21: =(T21/$T$10)*100 -> 0 | AW21: =(U21/$U$10)*100 -> 0 | AX21: =(V21/$V$10)*100 -> 0
A22: 11 | B22: =INPUT!B22 -> 0 | K22: =IF(COUNT($F22:$J22)=0,"",SUM($F22:$J22)) | L22: =IF(ISERROR(IF($K22="","",ROUND(($K22/$K$10)*$L$10,2))),"",IF($K22="","",ROUND(($K22/$K$10)*$L$10,2))) | M22: =IF($L22="","",ROUND($L22*$M$10,2)) | Q22: =IF(COUNT($N22:$P22)=0,"",SUM($N22:$P22)) | R22: =IF(ISERROR(IF($Q22="","",ROUND(($Q22/$Q$10)*$R$10,2))),"",IF($Q22="","",ROUND(($Q22/$Q$10)*$R$10,2))) | S22: =IF($R22="","",ROUND($R22*$S$10,2)) | W22: =IF(COUNT($T22:$V22)=0,"",SUM($T22:$V22)) | X22: =IF(ISERROR(IF($W22="","",ROUND(($W22/$W$10)*$X$10,2))),"",IF($W22="","",ROUND(($W22/$W$10)*$X$10,2))) | Y22: =IF($X22="","",ROUND($X22*$Y$10,2)) | Z22: =IF(ISERROR(IF($V22="","",ROUND(SUM($M22,$S22,$Y22),2))),"",IF($V22="","",ROUND(SUM($M22,$S22,$Y22),2))) | AA22: =IF(ISERROR(IF($V22="","",VLOOKUP(Z22,NewTransmu,4,TRUE))),"",IF($V22="","",VLOOKUP(Z22,NewTransmu,4,TRUE))) | AB22: =IF(ISERROR(IF(AA22="","",VLOOKUP(AA22,DESCRIPTORS,4,TRUE))),"",IF(AA22="","",VLOOKUP(AA22,DESCRIPTORS,4,TRUE))) | AV22: =(T22/$T$10)*100 -> 0 | AW22: =(U22/$U$10)*100 -> 0 | AX22: =(V22/$V$10)*100 -> 0
A23: 12 | B23: =INPUT!B23 -> 0 | K23: =IF(COUNT($F23:$J23)=0,"",SUM($F23:$J23)) | L23: =IF(ISERROR(IF($K23="","",ROUND(($K23/$K$10)*$L$10,2))),"",IF($K23="","",ROUND(($K23/$K$10)*$L$10,2))) | M23: =IF($L23="","",ROUND($L23*$M$10,2)) | Q23: =IF(COUNT($N23:$P23)=0,"",SUM($N23:$P23)) | R23: =IF(ISERROR(IF($Q23="","",ROUND(($Q23/$Q$10)*$R$10,2))),"",IF($Q23="","",ROUND(($Q23/$Q$10)*$R$10,2))) | S23: =IF($R23="","",ROUND($R23*$S$10,2)) | W23: =IF(COUNT($T23:$V23)=0,"",SUM($T23:$V23)) | X23: =IF(ISERROR(IF($W23="","",ROUND(($W23/$W$10)*$X$10,2))),"",IF($W23="","",ROUND(($W23/$W$10)*$X$10,2))) | Y23: =IF($X23="","",ROUND($X23*$Y$10,2)) | Z23: =IF(ISERROR(IF($V23="","",ROUND(SUM($M23,$S23,$Y23),2))),"",IF($V23="","",ROUND(SUM($M23,$S23,$Y23),2))) | AA23: =IF(ISERROR(IF($V23="","",VLOOKUP(Z23,NewTransmu,4,TRUE))),"",IF($V23="","",VLOOKUP(Z23,NewTransmu,4,TRUE))) | AB23: =IF(ISERROR(IF(AA23="","",VLOOKUP(AA23,DESCRIPTORS,4,TRUE))),"",IF(AA23="","",VLOOKUP(AA23,DESCRIPTORS,4,TRUE))) | AD23: NORM-REFERENCED | AE23: ST1 | AF23: ST2 | AG23: TE | AV23: =(T23/$T$10)*100 -> 0 | AW23: =(U23/$U$10)*100 -> 0 | AX23: =(V23/$V$10)*100 -> 0
A24: 13 | B24: =INPUT!B24 -> 0 | K24: =IF(COUNT($F24:$J24)=0,"",SUM($F24:$J24)) | L24: =IF(ISERROR(IF($K24="","",ROUND(($K24/$K$10)*$L$10,2))),"",IF($K24="","",ROUND(($K24/$K$10)*$L$10,2))) | M24: =IF($L24="","",ROUND($L24*$M$10,2)) | Q24: =IF(COUNT($N24:$P24)=0,"",SUM($N24:$P24)) | R24: =IF(ISERROR(IF($Q24="","",ROUND(($Q24/$Q$10)*$R$10,2))),"",IF($Q24="","",ROUND(($Q24/$Q$10)*$R$10,2))) | S24: =IF($R24="","",ROUND($R24*$S$10,2)) | W24: =IF(COUNT($T24:$V24)=0,"",SUM($T24:$V24)) | X24: =IF(ISERROR(IF($W24="","",ROUND(($W24/$W$10)*$X$10,2))),"",IF($W24="","",ROUND(($W24/$W$10)*$X$10,2))) | Y24: =IF($X24="","",ROUND($X24*$Y$10,2)) | Z24: =IF(ISERROR(IF($V24="","",ROUND(SUM($M24,$S24,$Y24),2))),"",IF($V24="","",ROUND(SUM($M24,$S24,$Y24),2))) | AA24: =IF(ISERROR(IF($V24="","",VLOOKUP(Z24,NewTransmu,4,TRUE))),"",IF($V24="","",VLOOKUP(Z24,NewTransmu,4,TRUE))) | AB24: =IF(ISERROR(IF(AA24="","",VLOOKUP(AA24,DESCRIPTORS,4,TRUE))),"",IF(AA24="","",VLOOKUP(AA24,DESCRIPTORS,4,TRUE))) | AD24: Mean | AE24: =IFERROR(AVERAGE(T12:T112),"") -> 38.833333 | AF24: =IFERROR(AVERAGE(U12:U112),"") -> 38.333333 | AG24: =IFERROR(AVERAGE(V12:V112),"") -> 40.5 | AV24: =(T24/$T$10)*100 -> 0 | AW24: =(U24/$U$10)*100 -> 0 | AX24: =(V24/$V$10)*100 -> 0
A25: 14 | B25: =INPUT!B25 -> 0 | K25: =IF(COUNT($F25:$J25)=0,"",SUM($F25:$J25)) | L25: =IF(ISERROR(IF($K25="","",ROUND(($K25/$K$10)*$L$10,2))),"",IF($K25="","",ROUND(($K25/$K$10)*$L$10,2))) | M25: =IF($L25="","",ROUND($L25*$M$10,2)) | Q25: =IF(COUNT($N25:$P25)=0,"",SUM($N25:$P25)) | R25: =IF(ISERROR(IF($Q25="","",ROUND(($Q25/$Q$10)*$R$10,2))),"",IF($Q25="","",ROUND(($Q25/$Q$10)*$R$10,2))) | S25: =IF($R25="","",ROUND($R25*$S$10,2)) | W25: =IF(COUNT($T25:$V25)=0,"",SUM($T25:$V25)) | X25: =IF(ISERROR(IF($W25="","",ROUND(($W25/$W$10)*$X$10,2))),"",IF($W25="","",ROUND(($W25/$W$10)*$X$10,2))) | Y25: =IF($X25="","",ROUND($X25*$Y$10,2)) | Z25: =IF(ISERROR(IF($V25="","",ROUND(SUM($M25,$S25,$Y25),2))),"",IF($V25="","",ROUND(SUM($M25,$S25,$Y25),2))) | AA25: =IF(ISERROR(IF($V25="","",VLOOKUP(Z25,NewTransmu,4,TRUE))),"",IF($V25="","",VLOOKUP(Z25,NewTransmu,4,TRUE))) | AB25: =IF(ISERROR(IF(AA25="","",VLOOKUP(AA25,DESCRIPTORS,4,TRUE))),"",IF(AA25="","",VLOOKUP(AA25,DESCRIPTORS,4,TRUE))) | AD25: Median | AE25: =IFERROR(MEDIAN(T12:T112),"") -> 40 | AF25: =IFERROR(MEDIAN(U12:U112),"") -> 39 | AG25: =IFERROR(MEDIAN(V12:V112),"") -> 42 | AV25: =(T25/$T$10)*100 -> 0 | AW25: =(U25/$U$10)*100 -> 0 | AX25: =(V25/$V$10)*100 -> 0
A26: 15 | B26: =INPUT!B26 -> 0 | K26: =IF(COUNT($F26:$J26)=0,"",SUM($F26:$J26)) | L26: =IF(ISERROR(IF($K26="","",ROUND(($K26/$K$10)*$L$10,2))),"",IF($K26="","",ROUND(($K26/$K$10)*$L$10,2))) | M26: =IF($L26="","",ROUND($L26*$M$10,2)) | Q26: =IF(COUNT($N26:$P26)=0,"",SUM($N26:$P26)) | R26: =IF(ISERROR(IF($Q26="","",ROUND(($Q26/$Q$10)*$R$10,2))),"",IF($Q26="","",ROUND(($Q26/$Q$10)*$R$10,2))) | S26: =IF($R26="","",ROUND($R26*$S$10,2)) | W26: =IF(COUNT($T26:$V26)=0,"",SUM($T26:$V26)) | X26: =IF(ISERROR(IF($W26="","",ROUND(($W26/$W$10)*$X$10,2))),"",IF($W26="","",ROUND(($W26/$W$10)*$X$10,2))) | Y26: =IF($X26="","",ROUND($X26*$Y$10,2)) | Z26: =IF(ISERROR(IF($V26="","",ROUND(SUM($M26,$S26,$Y26),2))),"",IF($V26="","",ROUND(SUM($M26,$S26,$Y26),2))) | AA26: =IF(ISERROR(IF($V26="","",VLOOKUP(Z26,NewTransmu,4,TRUE))),"",IF($V26="","",VLOOKUP(Z26,NewTransmu,4,TRUE))) | AB26: =IF(ISERROR(IF(AA26="","",VLOOKUP(AA26,DESCRIPTORS,4,TRUE))),"",IF(AA26="","",VLOOKUP(AA26,DESCRIPTORS,4,TRUE))) | AD26: SD | AE26: =IFERROR(_xlfn.STDEV.S(T12:T112),"") -> 5.492419 | AF26: =_xlfn.STDEV.S(U12:U112) -> 4.2739521 | AG26: =_xlfn.STDEV.S(V12:V112) -> 5.5767374 | AV26: =(T26/$T$10)*100 -> 0 | AW26: =(U26/$U$10)*100 -> 0 | AX26: =(V26/$V$10)*100 -> 0
A27: 16 | B27: =INPUT!B27 -> 0 | K27: =IF(COUNT($F27:$J27)=0,"",SUM($F27:$J27)) | L27: =IF(ISERROR(IF($K27="","",ROUND(($K27/$K$10)*$L$10,2))),"",IF($K27="","",ROUND(($K27/$K$10)*$L$10,2))) | M27: =IF($L27="","",ROUND($L27*$M$10,2)) | Q27: =IF(COUNT($N27:$P27)=0,"",SUM($N27:$P27)) | R27: =IF(ISERROR(IF($Q27="","",ROUND(($Q27/$Q$10)*$R$10,2))),"",IF($Q27="","",ROUND(($Q27/$Q$10)*$R$10,2))) | S27: =IF($R27="","",ROUND($R27*$S$10,2)) | W27: =IF(COUNT($T27:$V27)=0,"",SUM($T27:$V27)) | X27: =IF(ISERROR(IF($W27="","",ROUND(($W27/$W$10)*$X$10,2))),"",IF($W27="","",ROUND(($W27/$W$10)*$X$10,2))) | Y27: =IF($X27="","",ROUND($X27*$Y$10,2)) | Z27: =IF(ISERROR(IF($V27="","",ROUND(SUM($M27,$S27,$Y27),2))),"",IF($V27="","",ROUND(SUM($M27,$S27,$Y27),2))) | AA27: =IF(ISERROR(IF($V27="","",VLOOKUP(Z27,NewTransmu,4,TRUE))),"",IF($V27="","",VLOOKUP(Z27,NewTransmu,4,TRUE))) | AB27: =IF(ISERROR(IF(AA27="","",VLOOKUP(AA27,DESCRIPTORS,4,TRUE))),"",IF(AA27="","",VLOOKUP(AA27,DESCRIPTORS,4,TRUE))) | AD27: MPS/PL | AE27: =IFERROR(AE24/AE15,"") -> 0.77666667 | AF27: =IFERROR(AF24/AF15,"") -> 0.76666667 | AG27: =IFERROR(AG24/AG15,"") -> 0.81 | AV27: =(T27/$T$10)*100 -> 0 | AW27: =(U27/$U$10)*100 -> 0 | AX27: =(V27/$V$10)*100 -> 0
A28: 17 | B28: =INPUT!B28 -> 0 | K28: =IF(COUNT($F28:$J28)=0,"",SUM($F28:$J28)) | L28: =IF(ISERROR(IF($K28="","",ROUND(($K28/$K$10)*$L$10,2))),"",IF($K28="","",ROUND(($K28/$K$10)*$L$10,2))) | M28: =IF($L28="","",ROUND($L28*$M$10,2)) | Q28: =IF(COUNT($N28:$P28)=0,"",SUM($N28:$P28)) | R28: =IF(ISERROR(IF($Q28="","",ROUND(($Q28/$Q$10)*$R$10,2))),"",IF($Q28="","",ROUND(($Q28/$Q$10)*$R$10,2))) | S28: =IF($R28="","",ROUND($R28*$S$10,2)) | W28: =IF(COUNT($T28:$V28)=0,"",SUM($T28:$V28)) | X28: =IF(ISERROR(IF($W28="","",ROUND(($W28/$W$10)*$X$10,2))),"",IF($W28="","",ROUND(($W28/$W$10)*$X$10,2))) | Y28: =IF($X28="","",ROUND($X28*$Y$10,2)) | Z28: =IF(ISERROR(IF($V28="","",ROUND(SUM($M28,$S28,$Y28),2))),"",IF($V28="","",ROUND(SUM($M28,$S28,$Y28),2))) | AA28: =IF(ISERROR(IF($V28="","",VLOOKUP(Z28,NewTransmu,4,TRUE))),"",IF($V28="","",VLOOKUP(Z28,NewTransmu,4,TRUE))) | AB28: =IF(ISERROR(IF(AA28="","",VLOOKUP(AA28,DESCRIPTORS,4,TRUE))),"",IF(AA28="","",VLOOKUP(AA28,DESCRIPTORS,4,TRUE))) | AV28: =(T28/$T$10)*100 -> 0 | AW28: =(U28/$U$10)*100 -> 0 | AX28: =(V28/$V$10)*100 -> 0
A29: 18 | B29: =INPUT!B29 -> 0 | K29: =IF(COUNT($F29:$J29)=0,"",SUM($F29:$J29)) | L29: =IF(ISERROR(IF($K29="","",ROUND(($K29/$K$10)*$L$10,2))),"",IF($K29="","",ROUND(($K29/$K$10)*$L$10,2))) | M29: =IF($L29="","",ROUND($L29*$M$10,2)) | Q29: =IF(COUNT($N29:$P29)=0,"",SUM($N29:$P29)) | R29: =IF(ISERROR(IF($Q29="","",ROUND(($Q29/$Q$10)*$R$10,2))),"",IF($Q29="","",ROUND(($Q29/$Q$10)*$R$10,2))) | S29: =IF($R29="","",ROUND($R29*$S$10,2)) | W29: =IF(COUNT($T29:$V29)=0,"",SUM($T29:$V29)) | X29: =IF(ISERROR(IF($W29="","",ROUND(($W29/$W$10)*$X$10,2))),"",IF($W29="","",ROUND(($W29/$W$10)*$X$10,2))) | Y29: =IF($X29="","",ROUND($X29*$Y$10,2)) | Z29: =IF(ISERROR(IF($V29="","",ROUND(SUM($M29,$S29,$Y29),2))),"",IF($V29="","",ROUND(SUM($M29,$S29,$Y29),2))) | AA29: =IF(ISERROR(IF($V29="","",VLOOKUP(Z29,NewTransmu,4,TRUE))),"",IF($V29="","",VLOOKUP(Z29,NewTransmu,4,TRUE))) | AB29: =IF(ISERROR(IF(AA29="","",VLOOKUP(AA29,DESCRIPTORS,4,TRUE))),"",IF(AA29="","",VLOOKUP(AA29,DESCRIPTORS,4,TRUE))) | AD29: OTHER INFO | AE29: ST1 | AF29: ST2 | AG29: TE | AV29: =(T29/$T$10)*100 -> 0 | AW29: =(U29/$U$10)*100 -> 0 | AX29: =(V29/$V$10)*100 -> 0
A30: 19 | B30: =INPUT!B30 -> 0 | K30: =IF(COUNT($F30:$J30)=0,"",SUM($F30:$J30)) | L30: =IF(ISERROR(IF($K30="","",ROUND(($K30/$K$10)*$L$10,2))),"",IF($K30="","",ROUND(($K30/$K$10)*$L$10,2))) | M30: =IF($L30="","",ROUND($L30*$M$10,2)) | Q30: =IF(COUNT($N30:$P30)=0,"",SUM($N30:$P30)) | R30: =IF(ISERROR(IF($Q30="","",ROUND(($Q30/$Q$10)*$R$10,2))),"",IF($Q30="","",ROUND(($Q30/$Q$10)*$R$10,2))) | S30: =IF($R30="","",ROUND($R30*$S$10,2)) | W30: =IF(COUNT($T30:$V30)=0,"",SUM($T30:$V30)) | X30: =IF(ISERROR(IF($W30="","",ROUND(($W30/$W$10)*$X$10,2))),"",IF($W30="","",ROUND(($W30/$W$10)*$X$10,2))) | Y30: =IF($X30="","",ROUND($X30*$Y$10,2)) | Z30: =IF(ISERROR(IF($V30="","",ROUND(SUM($M30,$S30,$Y30),2))),"",IF($V30="","",ROUND(SUM($M30,$S30,$Y30),2))) | AA30: =IF(ISERROR(IF($V30="","",VLOOKUP(Z30,NewTransmu,4,TRUE))),"",IF($V30="","",VLOOKUP(Z30,NewTransmu,4,TRUE))) | AB30: =IF(ISERROR(IF(AA30="","",VLOOKUP(AA30,DESCRIPTORS,4,TRUE))),"",IF(AA30="","",VLOOKUP(AA30,DESCRIPTORS,4,TRUE))) | AD30: Highest Score | AE30: =IF(COUNTA(T12:T112)=0,"",MAX(T12:T112)) -> 45 | AF30: =IF(COUNTA(U12:U112)=0,"",MAX(U12:U112)) -> 42 | AG30: =IF(COUNTA(V12:V112)=0,"",MAX(V12:V112)) -> 45 | AV30: =(T30/$T$10)*100 -> 0 | AW30: =(U30/$U$10)*100 -> 0 | AX30: =(V30/$V$10)*100 -> 0
A31: 20 | B31: =INPUT!B31 -> 0 | K31: =IF(COUNT($F31:$J31)=0,"",SUM($F31:$J31)) | L31: =IF(ISERROR(IF($K31="","",ROUND(($K31/$K$10)*$L$10,2))),"",IF($K31="","",ROUND(($K31/$K$10)*$L$10,2))) | M31: =IF($L31="","",ROUND($L31*$M$10,2)) | Q31: =IF(COUNT($N31:$P31)=0,"",SUM($N31:$P31)) | R31: =IF(ISERROR(IF($Q31="","",ROUND(($Q31/$Q$10)*$R$10,2))),"",IF($Q31="","",ROUND(($Q31/$Q$10)*$R$10,2))) | S31: =IF($R31="","",ROUND($R31*$S$10,2)) | W31: =IF(COUNT($T31:$V31)=0,"",SUM($T31:$V31)) | X31: =IF(ISERROR(IF($W31="","",ROUND(($W31/$W$10)*$X$10,2))),"",IF($W31="","",ROUND(($W31/$W$10)*$X$10,2))) | Y31: =IF($X31="","",ROUND($X31*$Y$10,2)) | Z31: =IF(ISERROR(IF($V31="","",ROUND(SUM($M31,$S31,$Y31),2))),"",IF($V31="","",ROUND(SUM($M31,$S31,$Y31),2))) | AA31: =IF(ISERROR(IF($V31="","",VLOOKUP(Z31,NewTransmu,4,TRUE))),"",IF($V31="","",VLOOKUP(Z31,NewTransmu,4,TRUE))) | AB31: =IF(ISERROR(IF(AA31="","",VLOOKUP(AA31,DESCRIPTORS,4,TRUE))),"",IF(AA31="","",VLOOKUP(AA31,DESCRIPTORS,4,TRUE))) | AD31: Lowest Score | AE31: =IF(COUNTA(T12:T112)=0,"",MIN(T12:T112)) -> 30 | AF31: =IF(COUNTA(U12:U112)=0,"",MIN(U12:U112)) -> 30 | AG31: =IF(COUNTA(V12:V112)=0,"",MIN(V12:V112)) -> 30 | AV31: =(T31/$T$10)*100 -> 0 | AW31: =(U31/$U$10)*100 -> 0 | AX31: =(V31/$V$10)*100 -> 0
A32: 21 | B32: =INPUT!B32 -> 0 | K32: =IF(COUNT($F32:$J32)=0,"",SUM($F32:$J32)) | L32: =IF(ISERROR(IF($K32="","",ROUND(($K32/$K$10)*$L$10,2))),"",IF($K32="","",ROUND(($K32/$K$10)*$L$10,2))) | M32: =IF($L32="","",ROUND($L32*$M$10,2)) | Q32: =IF(COUNT($N32:$P32)=0,"",SUM($N32:$P32)) | R32: =IF(ISERROR(IF($Q32="","",ROUND(($Q32/$Q$10)*$R$10,2))),"",IF($Q32="","",ROUND(($Q32/$Q$10)*$R$10,2))) | S32: =IF($R32="","",ROUND($R32*$S$10,2)) | W32: =IF(COUNT($T32:$V32)=0,"",SUM($T32:$V32)) | X32: =IF(ISERROR(IF($W32="","",ROUND(($W32/$W$10)*$X$10,2))),"",IF($W32="","",ROUND(($W32/$W$10)*$X$10,2))) | Y32: =IF($X32="","",ROUND($X32*$Y$10,2)) | Z32: =IF(ISERROR(IF($V32="","",ROUND(SUM($M32,$S32,$Y32),2))),"",IF($V32="","",ROUND(SUM($M32,$S32,$Y32),2))) | AA32: =IF(ISERROR(IF($V32="","",VLOOKUP(Z32,NewTransmu,4,TRUE))),"",IF($V32="","",VLOOKUP(Z32,NewTransmu,4,TRUE))) | AB32: =IF(ISERROR(IF(AA32="","",VLOOKUP(AA32,DESCRIPTORS,4,TRUE))),"",IF(AA32="","",VLOOKUP(AA32,DESCRIPTORS,4,TRUE))) | AD32: Total Score | AE32: =IF(COUNTA(T12:T112)=0,"",SUM(T12:T112)) -> 233 | AF32: =IF(COUNTA(U12:U112)=0,"",SUM(U12:U112)) -> 230 | AG32: =IF(COUNTA(V12:V112)=0,"",SUM(V12:V112)) -> 243 | AV32: =(T32/$T$10)*100 -> 0 | AW32: =(U32/$U$10)*100 -> 0 | AX32: =(V32/$V$10)*100 -> 0
A33: 22 | B33: =INPUT!B33 -> 0 | K33: =IF(COUNT($F33:$J33)=0,"",SUM($F33:$J33)) | L33: =IF(ISERROR(IF($K33="","",ROUND(($K33/$K$10)*$L$10,2))),"",IF($K33="","",ROUND(($K33/$K$10)*$L$10,2))) | M33: =IF($L33="","",ROUND($L33*$M$10,2)) | Q33: =IF(COUNT($N33:$P33)=0,"",SUM($N33:$P33)) | R33: =IF(ISERROR(IF($Q33="","",ROUND(($Q33/$Q$10)*$R$10,2))),"",IF($Q33="","",ROUND(($Q33/$Q$10)*$R$10,2))) | S33: =IF($R33="","",ROUND($R33*$S$10,2)) | W33: =IF(COUNT($T33:$V33)=0,"",SUM($T33:$V33)) | X33: =IF(ISERROR(IF($W33="","",ROUND(($W33/$W$10)*$X$10,2))),"",IF($W33="","",ROUND(($W33/$W$10)*$X$10,2))) | Y33: =IF($X33="","",ROUND($X33*$Y$10,2)) | Z33: =IF(ISERROR(IF($V33="","",ROUND(SUM($M33,$S33,$Y33),2))),"",IF($V33="","",ROUND(SUM($M33,$S33,$Y33),2))) | AA33: =IF(ISERROR(IF($V33="","",VLOOKUP(Z33,NewTransmu,4,TRUE))),"",IF($V33="","",VLOOKUP(Z33,NewTransmu,4,TRUE))) | AB33: =IF(ISERROR(IF(AA33="","",VLOOKUP(AA33,DESCRIPTORS,4,TRUE))),"",IF(AA33="","",VLOOKUP(AA33,DESCRIPTORS,4,TRUE))) | AV33: =(T33/$T$10)*100 -> 0 | AW33: =(U33/$U$10)*100 -> 0 | AX33: =(V33/$V$10)*100 -> 0
A34: 23 | B34: =INPUT!B34 -> 0 | K34: =IF(COUNT($F34:$J34)=0,"",SUM($F34:$J34)) | L34: =IF(ISERROR(IF($K34="","",ROUND(($K34/$K$10)*$L$10,2))),"",IF($K34="","",ROUND(($K34/$K$10)*$L$10,2))) | M34: =IF($L34="","",ROUND($L34*$M$10,2)) | Q34: =IF(COUNT($N34:$P34)=0,"",SUM($N34:$P34)) | R34: =IF(ISERROR(IF($Q34="","",ROUND(($Q34/$Q$10)*$R$10,2))),"",IF($Q34="","",ROUND(($Q34/$Q$10)*$R$10,2))) | S34: =IF($R34="","",ROUND($R34*$S$10,2)) | W34: =IF(COUNT($T34:$V34)=0,"",SUM($T34:$V34)) | X34: =IF(ISERROR(IF($W34="","",ROUND(($W34/$W$10)*$X$10,2))),"",IF($W34="","",ROUND(($W34/$W$10)*$X$10,2))) | Y34: =IF($X34="","",ROUND($X34*$Y$10,2)) | Z34: =IF(ISERROR(IF($V34="","",ROUND(SUM($M34,$S34,$Y34),2))),"",IF($V34="","",ROUND(SUM($M34,$S34,$Y34),2))) | AA34: =IF(ISERROR(IF($V34="","",VLOOKUP(Z34,NewTransmu,4,TRUE))),"",IF($V34="","",VLOOKUP(Z34,NewTransmu,4,TRUE))) | AB34: =IF(ISERROR(IF(AA34="","",VLOOKUP(AA34,DESCRIPTORS,4,TRUE))),"",IF(AA34="","",VLOOKUP(AA34,DESCRIPTORS,4,TRUE))) | AV34: =(T34/$T$10)*100 -> 0 | AW34: =(U34/$U$10)*100 -> 0 | AX34: =(V34/$V$10)*100 -> 0
A35: 24 | B35: =INPUT!B35 -> 0 | K35: =IF(COUNT($F35:$J35)=0,"",SUM($F35:$J35)) | L35: =IF(ISERROR(IF($K35="","",ROUND(($K35/$K$10)*$L$10,2))),"",IF($K35="","",ROUND(($K35/$K$10)*$L$10,2))) | M35: =IF($L35="","",ROUND($L35*$M$10,2)) | Q35: =IF(COUNT($N35:$P35)=0,"",SUM($N35:$P35)) | R35: =IF(ISERROR(IF($Q35="","",ROUND(($Q35/$Q$10)*$R$10,2))),"",IF($Q35="","",ROUND(($Q35/$Q$10)*$R$10,2))) | S35: =IF($R35="","",ROUND($R35*$S$10,2)) | W35: =IF(COUNT($T35:$V35)=0,"",SUM($T35:$V35)) | X35: =IF(ISERROR(IF($W35="","",ROUND(($W35/$W$10)*$X$10,2))),"",IF($W35="","",ROUND(($W35/$W$10)*$X$10,2))) | Y35: =IF($X35="","",ROUND($X35*$Y$10,2)) | Z35: =IF(ISERROR(IF($V35="","",ROUND(SUM($M35,$S35,$Y35),2))),"",IF($V35="","",ROUND(SUM($M35,$S35,$Y35),2))) | AA35: =IF(ISERROR(IF($V35="","",VLOOKUP(Z35,NewTransmu,4,TRUE))),"",IF($V35="","",VLOOKUP(Z35,NewTransmu,4,TRUE))) | AB35: =IF(ISERROR(IF(AA35="","",VLOOKUP(AA35,DESCRIPTORS,4,TRUE))),"",IF(AA35="","",VLOOKUP(AA35,DESCRIPTORS,4,TRUE))) | AV35: =(T35/$T$10)*100 -> 0 | AW35: =(U35/$U$10)*100 -> 0 | AX35: =(V35/$V$10)*100 -> 0
A36: 25 | B36: =INPUT!B36 -> 0 | K36: =IF(COUNT($F36:$J36)=0,"",SUM($F36:$J36)) | L36: =IF(ISERROR(IF($K36="","",ROUND(($K36/$K$10)*$L$10,2))),"",IF($K36="","",ROUND(($K36/$K$10)*$L$10,2))) | M36: =IF($L36="","",ROUND($L36*$M$10,2)) | Q36: =IF(COUNT($N36:$P36)=0,"",SUM($N36:$P36)) | R36: =IF(ISERROR(IF($Q36="","",ROUND(($Q36/$Q$10)*$R$10,2))),"",IF($Q36="","",ROUND(($Q36/$Q$10)*$R$10,2))) | S36: =IF($R36="","",ROUND($R36*$S$10,2)) | W36: =IF(COUNT($T36:$V36)=0,"",SUM($T36:$V36)) | X36: =IF(ISERROR(IF($W36="","",ROUND(($W36/$W$10)*$X$10,2))),"",IF($W36="","",ROUND(($W36/$W$10)*$X$10,2))) | Y36: =IF($X36="","",ROUND($X36*$Y$10,2)) | Z36: =IF(ISERROR(IF($V36="","",ROUND(SUM($M36,$S36,$Y36),2))),"",IF($V36="","",ROUND(SUM($M36,$S36,$Y36),2))) | AA36: =IF(ISERROR(IF($V36="","",VLOOKUP(Z36,NewTransmu,4,TRUE))),"",IF($V36="","",VLOOKUP(Z36,NewTransmu,4,TRUE))) | AB36: =IF(ISERROR(IF(AA36="","",VLOOKUP(AA36,DESCRIPTORS,4,TRUE))),"",IF(AA36="","",VLOOKUP(AA36,DESCRIPTORS,4,TRUE))) | AV36: =(T36/$T$10)*100 -> 0 | AW36: =(U36/$U$10)*100 -> 0 | AX36: =(V36/$V$10)*100 -> 0
A37: 26 | B37: =INPUT!B37 -> 0 | K37: =IF(COUNT($F37:$J37)=0,"",SUM($F37:$J37)) | L37: =IF(ISERROR(IF($K37="","",ROUND(($K37/$K$10)*$L$10,2))),"",IF($K37="","",ROUND(($K37/$K$10)*$L$10,2))) | M37: =IF($L37="","",ROUND($L37*$M$10,2)) | Q37: =IF(COUNT($N37:$P37)=0,"",SUM($N37:$P37)) | R37: =IF(ISERROR(IF($Q37="","",ROUND(($Q37/$Q$10)*$R$10,2))),"",IF($Q37="","",ROUND(($Q37/$Q$10)*$R$10,2))) | S37: =IF($R37="","",ROUND($R37*$S$10,2)) | W37: =IF(COUNT($T37:$V37)=0,"",SUM($T37:$V37)) | X37: =IF(ISERROR(IF($W37="","",ROUND(($W37/$W$10)*$X$10,2))),"",IF($W37="","",ROUND(($W37/$W$10)*$X$10,2))) | Y37: =IF($X37="","",ROUND($X37*$Y$10,2)) | Z37: =IF(ISERROR(IF($V37="","",ROUND(SUM($M37,$S37,$Y37),2))),"",IF($V37="","",ROUND(SUM($M37,$S37,$Y37),2))) | AA37: =IF(ISERROR(IF($V37="","",VLOOKUP(Z37,NewTransmu,4,TRUE))),"",IF($V37="","",VLOOKUP(Z37,NewTransmu,4,TRUE))) | AB37: =IF(ISERROR(IF(AA37="","",VLOOKUP(AA37,DESCRIPTORS,4,TRUE))),"",IF(AA37="","",VLOOKUP(AA37,DESCRIPTORS,4,TRUE))) | AV37: =(T37/$T$10)*100 -> 0 | AW37: =(U37/$U$10)*100 -> 0 | AX37: =(V37/$V$10)*100 -> 0
A38: 27 | B38: =INPUT!B38 -> 0 | K38: =IF(COUNT($F38:$J38)=0,"",SUM($F38:$J38)) | L38: =IF(ISERROR(IF($K38="","",ROUND(($K38/$K$10)*$L$10,2))),"",IF($K38="","",ROUND(($K38/$K$10)*$L$10,2))) | M38: =IF($L38="","",ROUND($L38*$M$10,2)) | Q38: =IF(COUNT($N38:$P38)=0,"",SUM($N38:$P38)) | R38: =IF(ISERROR(IF($Q38="","",ROUND(($Q38/$Q$10)*$R$10,2))),"",IF($Q38="","",ROUND(($Q38/$Q$10)*$R$10,2))) | S38: =IF($R38="","",ROUND($R38*$S$10,2)) | W38: =IF(COUNT($T38:$V38)=0,"",SUM($T38:$V38)) | X38: =IF(ISERROR(IF($W38="","",ROUND(($W38/$W$10)*$X$10,2))),"",IF($W38="","",ROUND(($W38/$W$10)*$X$10,2))) | Y38: =IF($X38="","",ROUND($X38*$Y$10,2)) | Z38: =IF(ISERROR(IF($V38="","",ROUND(SUM($M38,$S38,$Y38),2))),"",IF($V38="","",ROUND(SUM($M38,$S38,$Y38),2))) | AA38: =IF(ISERROR(IF($V38="","",VLOOKUP(Z38,NewTransmu,4,TRUE))),"",IF($V38="","",VLOOKUP(Z38,NewTransmu,4,TRUE))) | AB38: =IF(ISERROR(IF(AA38="","",VLOOKUP(AA38,DESCRIPTORS,4,TRUE))),"",IF(AA38="","",VLOOKUP(AA38,DESCRIPTORS,4,TRUE))) | AV38: =(T38/$T$10)*100 -> 0 | AW38: =(U38/$U$10)*100 -> 0 | AX38: =(V38/$V$10)*100 -> 0
A39: 28 | B39: =INPUT!B39 -> 0 | K39: =IF(COUNT($F39:$J39)=0,"",SUM($F39:$J39)) | L39: =IF(ISERROR(IF($K39="","",ROUND(($K39/$K$10)*$L$10,2))),"",IF($K39="","",ROUND(($K39/$K$10)*$L$10,2))) | M39: =IF($L39="","",ROUND($L39*$M$10,2)) | Q39: =IF(COUNT($N39:$P39)=0,"",SUM($N39:$P39)) | R39: =IF(ISERROR(IF($Q39="","",ROUND(($Q39/$Q$10)*$R$10,2))),"",IF($Q39="","",ROUND(($Q39/$Q$10)*$R$10,2))) | S39: =IF($R39="","",ROUND($R39*$S$10,2)) | W39: =IF(COUNT($T39:$V39)=0,"",SUM($T39:$V39)) | X39: =IF(ISERROR(IF($W39="","",ROUND(($W39/$W$10)*$X$10,2))),"",IF($W39="","",ROUND(($W39/$W$10)*$X$10,2))) | Y39: =IF($X39="","",ROUND($X39*$Y$10,2)) | Z39: =IF(ISERROR(IF($V39="","",ROUND(SUM($M39,$S39,$Y39),2))),"",IF($V39="","",ROUND(SUM($M39,$S39,$Y39),2))) | AA39: =IF(ISERROR(IF($V39="","",VLOOKUP(Z39,NewTransmu,4,TRUE))),"",IF($V39="","",VLOOKUP(Z39,NewTransmu,4,TRUE))) | AB39: =IF(ISERROR(IF(AA39="","",VLOOKUP(AA39,DESCRIPTORS,4,TRUE))),"",IF(AA39="","",VLOOKUP(AA39,DESCRIPTORS,4,TRUE))) | AV39: =(T39/$T$10)*100 -> 0 | AW39: =(U39/$U$10)*100 -> 0 | AX39: =(V39/$V$10)*100 -> 0
A40: 29 | B40: =INPUT!B40 -> 0 | K40: =IF(COUNT($F40:$J40)=0,"",SUM($F40:$J40)) | L40: =IF(ISERROR(IF($K40="","",ROUND(($K40/$K$10)*$L$10,2))),"",IF($K40="","",ROUND(($K40/$K$10)*$L$10,2))) | M40: =IF($L40="","",ROUND($L40*$M$10,2)) | Q40: =IF(COUNT($N40:$P40)=0,"",SUM($N40:$P40)) | R40: =IF(ISERROR(IF($Q40="","",ROUND(($Q40/$Q$10)*$R$10,2))),"",IF($Q40="","",ROUND(($Q40/$Q$10)*$R$10,2))) | S40: =IF($R40="","",ROUND($R40*$S$10,2)) | W40: =IF(COUNT($T40:$V40)=0,"",SUM($T40:$V40)) | X40: =IF(ISERROR(IF($W40="","",ROUND(($W40/$W$10)*$X$10,2))),"",IF($W40="","",ROUND(($W40/$W$10)*$X$10,2))) | Y40: =IF($X40="","",ROUND($X40*$Y$10,2)) | Z40: =IF(ISERROR(IF($V40="","",ROUND(SUM($M40,$S40,$Y40),2))),"",IF($V40="","",ROUND(SUM($M40,$S40,$Y40),2))) | AA40: =IF(ISERROR(IF($V40="","",VLOOKUP(Z40,NewTransmu,4,TRUE))),"",IF($V40="","",VLOOKUP(Z40,NewTransmu,4,TRUE))) | AB40: =IF(ISERROR(IF(AA40="","",VLOOKUP(AA40,DESCRIPTORS,4,TRUE))),"",IF(AA40="","",VLOOKUP(AA40,DESCRIPTORS,4,TRUE))) | AV40: =(T40/$T$10)*100 -> 0 | AW40: =(U40/$U$10)*100 -> 0 | AX40: =(V40/$V$10)*100 -> 0
A41: 30 | B41: =INPUT!B41 -> 0 | K41: =IF(COUNT($F41:$J41)=0,"",SUM($F41:$J41)) | L41: =IF(ISERROR(IF($K41="","",ROUND(($K41/$K$10)*$L$10,2))),"",IF($K41="","",ROUND(($K41/$K$10)*$L$10,2))) | M41: =IF($L41="","",ROUND($L41*$M$10,2)) | Q41: =IF(COUNT($N41:$P41)=0,"",SUM($N41:$P41)) | R41: =IF(ISERROR(IF($Q41="","",ROUND(($Q41/$Q$10)*$R$10,2))),"",IF($Q41="","",ROUND(($Q41/$Q$10)*$R$10,2))) | S41: =IF($R41="","",ROUND($R41*$S$10,2)) | W41: =IF(COUNT($T41:$V41)=0,"",SUM($T41:$V41)) | X41: =IF(ISERROR(IF($W41="","",ROUND(($W41/$W$10)*$X$10,2))),"",IF($W41="","",ROUND(($W41/$W$10)*$X$10,2))) | Y41: =IF($X41="","",ROUND($X41*$Y$10,2)) | Z41: =IF(ISERROR(IF($V41="","",ROUND(SUM($M41,$S41,$Y41),2))),"",IF($V41="","",ROUND(SUM($M41,$S41,$Y41),2))) | AA41: =IF(ISERROR(IF($V41="","",VLOOKUP(Z41,NewTransmu,4,TRUE))),"",IF($V41="","",VLOOKUP(Z41,NewTransmu,4,TRUE))) | AB41: =IF(ISERROR(IF(AA41="","",VLOOKUP(AA41,DESCRIPTORS,4,TRUE))),"",IF(AA41="","",VLOOKUP(AA41,DESCRIPTORS,4,TRUE))) | AV41: =(T41/$T$10)*100 -> 0 | AW41: =(U41/$U$10)*100 -> 0 | AX41: =(V41/$V$10)*100 -> 0
A42: 31 | B42: =INPUT!B42 -> 0 | K42: =IF(COUNT($F42:$J42)=0,"",SUM($F42:$J42)) | L42: =IF(ISERROR(IF($K42="","",ROUND(($K42/$K$10)*$L$10,2))),"",IF($K42="","",ROUND(($K42/$K$10)*$L$10,2))) | M42: =IF($L42="","",ROUND($L42*$M$10,2)) | Q42: =IF(COUNT($N42:$P42)=0,"",SUM($N42:$P42)) | R42: =IF(ISERROR(IF($Q42="","",ROUND(($Q42/$Q$10)*$R$10,2))),"",IF($Q42="","",ROUND(($Q42/$Q$10)*$R$10,2))) | S42: =IF($R42="","",ROUND($R42*$S$10,2)) | W42: =IF(COUNT($T42:$V42)=0,"",SUM($T42:$V42)) | X42: =IF(ISERROR(IF($W42="","",ROUND(($W42/$W$10)*$X$10,2))),"",IF($W42="","",ROUND(($W42/$W$10)*$X$10,2))) | Y42: =IF($X42="","",ROUND($X42*$Y$10,2)) | Z42: =IF(ISERROR(IF($V42="","",ROUND(SUM($M42,$S42,$Y42),2))),"",IF($V42="","",ROUND(SUM($M42,$S42,$Y42),2))) | AA42: =IF(ISERROR(IF($V42="","",VLOOKUP(Z42,NewTransmu,4,TRUE))),"",IF($V42="","",VLOOKUP(Z42,NewTransmu,4,TRUE))) | AB42: =IF(ISERROR(IF(AA42="","",VLOOKUP(AA42,DESCRIPTORS,4,TRUE))),"",IF(AA42="","",VLOOKUP(AA42,DESCRIPTORS,4,TRUE))) | AV42: =(T42/$T$10)*100 -> 0 | AW42: =(U42/$U$10)*100 -> 0 | AX42: =(V42/$V$10)*100 -> 0
A43: 32 | B43: =INPUT!B43 -> 0 | K43: =IF(COUNT($F43:$J43)=0,"",SUM($F43:$J43)) | L43: =IF(ISERROR(IF($K43="","",ROUND(($K43/$K$10)*$L$10,2))),"",IF($K43="","",ROUND(($K43/$K$10)*$L$10,2))) | M43: =IF($L43="","",ROUND($L43*$M$10,2)) | Q43: =IF(COUNT($N43:$P43)=0,"",SUM($N43:$P43)) | R43: =IF(ISERROR(IF($Q43="","",ROUND(($Q43/$Q$10)*$R$10,2))),"",IF($Q43="","",ROUND(($Q43/$Q$10)*$R$10,2))) | S43: =IF($R43="","",ROUND($R43*$S$10,2)) | W43: =IF(COUNT($T43:$V43)=0,"",SUM($T43:$V43)) | X43: =IF(ISERROR(IF($W43="","",ROUND(($W43/$W$10)*$X$10,2))),"",IF($W43="","",ROUND(($W43/$W$10)*$X$10,2))) | Y43: =IF($X43="","",ROUND($X43*$Y$10,2)) | Z43: =IF(ISERROR(IF($V43="","",ROUND(SUM($M43,$S43,$Y43),2))),"",IF($V43="","",ROUND(SUM($M43,$S43,$Y43),2))) | AA43: =IF(ISERROR(IF($V43="","",VLOOKUP(Z43,NewTransmu,4,TRUE))),"",IF($V43="","",VLOOKUP(Z43,NewTransmu,4,TRUE))) | AB43: =IF(ISERROR(IF(AA43="","",VLOOKUP(AA43,DESCRIPTORS,4,TRUE))),"",IF(AA43="","",VLOOKUP(AA43,DESCRIPTORS,4,TRUE))) | AV43: =(T43/$T$10)*100 -> 0 | AW43: =(U43/$U$10)*100 -> 0 | AX43: =(V43/$V$10)*100 -> 0
A44: 33 | B44: =INPUT!B44 -> 0 | K44: =IF(COUNT($F44:$J44)=0,"",SUM($F44:$J44)) | L44: =IF(ISERROR(IF($K44="","",ROUND(($K44/$K$10)*$L$10,2))),"",IF($K44="","",ROUND(($K44/$K$10)*$L$10,2))) | M44: =IF($L44="","",ROUND($L44*$M$10,2)) | Q44: =IF(COUNT($N44:$P44)=0,"",SUM($N44:$P44)) | R44: =IF(ISERROR(IF($Q44="","",ROUND(($Q44/$Q$10)*$R$10,2))),"",IF($Q44="","",ROUND(($Q44/$Q$10)*$R$10,2))) | S44: =IF($R44="","",ROUND($R44*$S$10,2)) | W44: =IF(COUNT($T44:$V44)=0,"",SUM($T44:$V44)) | X44: =IF(ISERROR(IF($W44="","",ROUND(($W44/$W$10)*$X$10,2))),"",IF($W44="","",ROUND(($W44/$W$10)*$X$10,2))) | Y44: =IF($X44="","",ROUND($X44*$Y$10,2)) | Z44: =IF(ISERROR(IF($V44="","",ROUND(SUM($M44,$S44,$Y44),2))),"",IF($V44="","",ROUND(SUM($M44,$S44,$Y44),2))) | AA44: =IF(ISERROR(IF($V44="","",VLOOKUP(Z44,NewTransmu,4,TRUE))),"",IF($V44="","",VLOOKUP(Z44,NewTransmu,4,TRUE))) | AB44: =IF(ISERROR(IF(AA44="","",VLOOKUP(AA44,DESCRIPTORS,4,TRUE))),"",IF(AA44="","",VLOOKUP(AA44,DESCRIPTORS,4,TRUE))) | AV44: =(T44/$T$10)*100 -> 0 | AW44: =(U44/$U$10)*100 -> 0 | AX44: =(V44/$V$10)*100 -> 0
... A61: 50 | B61: =INPUT!B61 -> 0 | K61: =IF(COUNT($F61:$J61)=0,"",SUM($F61:$J61)) | L61: =IF(ISERROR(IF($K61="","",ROUND(($K61/$K$10)*$L$10,2))),"",IF($K61="","",ROUND(($K61/$K$10)*$L$10,2))) | M61: =IF($L61="","",ROUND($L61*$M$10,2)) | Q61: =IF(COUNT($N61:$P61)=0,"",SUM($N61:$P61)) | R61: =IF(ISERROR(IF($Q61="","",ROUND(($Q61/$Q$10)*$R$10,2))),"",IF($Q61="","",ROUND(($Q61/$Q$10)*$R$10,2))) | S61: =IF($R61="","",ROUND($R61*$S$10,2)) | W61: =IF(COUNT($T61:$V61)=0,"",SUM($T61:$V61)) | X61: =IF(ISERROR(IF($W61="","",ROUND(($W61/$W$10)*$X$10,2))),"",IF($W61="","",ROUND(($W61/$W$10)*$X$10,2))) | Y61: =IF($X61="","",ROUND($X61*$Y$10,2)) | Z61: =IF(ISERROR(IF($V61="","",ROUND(SUM($M61,$S61,$Y61),2))),"",IF($V61="","",ROUND(SUM($M61,$S61,$Y61),2))) | AA61: =IF(ISERROR(IF($V61="","",VLOOKUP(Z61,NewTransmu,4,TRUE))),"",IF($V61="","",VLOOKUP(Z61,NewTransmu,4,TRUE))) | AB61: =IF(ISERROR(IF(AA61="","",VLOOKUP(AA61,DESCRIPTORS,4,TRUE))),"",IF(AA61="","",VLOOKUP(AA61,DESCRIPTORS,4,TRUE))) | AV61: =(T61/$T$10)*100 -> 0 | AW61: =(U61/$U$10)*100 -> 0 | AX61: =(V61/$V$10)*100 -> 0
B62: FEMALE | AV62: =(T62/$T$10)*100 -> 0 | AW62: =(U62/$U$10)*100 -> 0 | AX62: =(V62/$V$10)*100 -> 0
A63: 1 | B63: =INPUT!B63 -> Alcantara, Angela | F63: 8 | G63: 13 | H63: 12 | I63: 7 | J63: 14 | K63: =IF(COUNT($F63:$J63)=0,"",SUM($F63:$J63)) -> 54 | L63: =IF(ISERROR(IF($K63="","",ROUND(($K63/$K$10)*$L$10,2))),"",IF($K63="","",ROUND(($K63/$K$10)*$L$10,2))) -> 83.08 | M63: =IF($L63="","",ROUND($L63*$M$10,2)) -> 16.62 | N63: 95 | O63: 90 | P63: 91 | Q63: =IF(COUNT($N63:$P63)=0,"",SUM($N63:$P63)) -> 276 | R63: =IF(ISERROR(IF($Q63="","",ROUND(($Q63/$Q$10)*$R$10,2))),"",IF($Q63="","",ROUND(($Q63/$Q$10)*$R$10,2))) -> 92 | S63: =IF($R63="","",ROUND($R63*$S$10,2)) -> 46 | T63: 40 | U63: 39 | V63: 44 | W63: =IF(COUNT($T63:$V63)=0,"",SUM($T63:$V63)) -> 123 | X63: =IF(ISERROR(IF($W63="","",ROUND(($W63/$W$10)*$X$10,2))),"",IF($W63="","",ROUND(($W63/$W$10)*$X$10,2))) -> 82 | Y63: =IF($X63="","",ROUND($X63*$Y$10,2)) -> 24.6 | Z63: =IF(ISERROR(IF($V63="","",ROUND(SUM($M63,$S63,$Y63),2))),"",IF($V63="","",ROUND(SUM($M63,$S63,$Y63),2))) -> 87.22 | AA63: =IF(ISERROR(IF($V63="","",VLOOKUP(Z63,NewTransmu,4,TRUE))),"",IF($V63="","",VLOOKUP(Z63,NewTransmu,4,TRUE))) -> 89 | AB63: =IF(ISERROR(IF(AA63="","",VLOOKUP(AA63,DESCRIPTORS,4,TRUE))),"",IF(AA63="","",VLOOKUP(AA63,DESCRIPTORS,4,TRUE))) -> Benchmarking | AV63: =(T63/$T$10)*100 -> 80 | AW63: =(U63/$U$10)*100 -> 78 | AX63: =(V63/$V$10)*100 -> 88
A64: 2 | B64: =INPUT!B64 -> Bonifacio, Bea | F64: 8 | G64: 13 | H64: 12 | I64: 5 | J64: 14 | K64: =IF(COUNT($F64:$J64)=0,"",SUM($F64:$J64)) -> 52 | L64: =IF(ISERROR(IF($K64="","",ROUND(($K64/$K$10)*$L$10,2))),"",IF($K64="","",ROUND(($K64/$K$10)*$L$10,2))) -> 80 | M64: =IF($L64="","",ROUND($L64*$M$10,2)) -> 16 | N64: 95 | O64: 90 | P64: 91 | Q64: =IF(COUNT($N64:$P64)=0,"",SUM($N64:$P64)) -> 276 | R64: =IF(ISERROR(IF($Q64="","",ROUND(($Q64/$Q$10)*$R$10,2))),"",IF($Q64="","",ROUND(($Q64/$Q$10)*$R$10,2))) -> 92 | S64: =IF($R64="","",ROUND($R64*$S$10,2)) -> 46 | T64: 35 | U64: 39 | V64: 40 | W64: =IF(COUNT($T64:$V64)=0,"",SUM($T64:$V64)) -> 114 | X64: =IF(ISERROR(IF($W64="","",ROUND(($W64/$W$10)*$X$10,2))),"",IF($W64="","",ROUND(($W64/$W$10)*$X$10,2))) -> 76 | Y64: =IF($X64="","",ROUND($X64*$Y$10,2)) -> 22.8 | Z64: =IF(ISERROR(IF($V64="","",ROUND(SUM($M64,$S64,$Y64),2))),"",IF($V64="","",ROUND(SUM($M64,$S64,$Y64),2))) -> 84.8 | AA64: =IF(ISERROR(IF($V64="","",VLOOKUP(Z64,NewTransmu,4,TRUE))),"",IF($V64="","",VLOOKUP(Z64,NewTransmu,4,TRUE))) -> 86 | AB64: =IF(ISERROR(IF(AA64="","",VLOOKUP(AA64,DESCRIPTORS,4,TRUE))),"",IF(AA64="","",VLOOKUP(AA64,DESCRIPTORS,4,TRUE))) -> Benchmarking | AV64: =(T64/$T$10)*100 -> 70 | AW64: =(U64/$U$10)*100 -> 78 | AX64: =(V64/$V$10)*100 -> 80
A65: 3 | B65: =INPUT!B65 -> Cruz, Claire | F65: 6 | G65: 7 | H65: 8 | I65: 7 | J65: 10 | K65: =IF(COUNT($F65:$J65)=0,"",SUM($F65:$J65)) -> 38 | L65: =IF(ISERROR(IF($K65="","",ROUND(($K65/$K$10)*$L$10,2))),"",IF($K65="","",ROUND(($K65/$K$10)*$L$10,2))) -> 58.46 | M65: =IF($L65="","",ROUND($L65*$M$10,2)) -> 11.69 | N65: 80 | O65: 85 | P65: 80 | Q65: =IF(COUNT($N65:$P65)=0,"",SUM($N65:$P65)) -> 245 | R65: =IF(ISERROR(IF($Q65="","",ROUND(($Q65/$Q$10)*$R$10,2))),"",IF($Q65="","",ROUND(($Q65/$Q$10)*$R$10,2))) -> 81.67 | S65: =IF($R65="","",ROUND($R65*$S$10,2)) -> 40.84 | T65: 30 | U65: 30 | V65: 30 | W65: =IF(COUNT($T65:$V65)=0,"",SUM($T65:$V65)) -> 90 | X65: =IF(ISERROR(IF($W65="","",ROUND(($W65/$W$10)*$X$10,2))),"",IF($W65="","",ROUND(($W65/$W$10)*$X$10,2))) -> 60 | Y65: =IF($X65="","",ROUND($X65*$Y$10,2)) -> 18 | Z65: =IF(ISERROR(IF($V65="","",ROUND(SUM($M65,$S65,$Y65),2))),"",IF($V65="","",ROUND(SUM($M65,$S65,$Y65),2))) -> 70.53 | AA65: =IF(ISERROR(IF($V65="","",VLOOKUP(Z65,NewTransmu,4,TRUE))),"",IF($V65="","",VLOOKUP(Z65,NewTransmu,4,TRUE))) -> 75 | AB65: =IF(ISERROR(IF(AA65="","",VLOOKUP(AA65,DESCRIPTORS,4,TRUE))),"",IF(AA65="","",VLOOKUP(AA65,DESCRIPTORS,4,TRUE))) -> Connecting | AV65: =(T65/$T$10)*100 -> 60 | AW65: =(U65/$U$10)*100 -> 60 | AX65: =(V65/$V$10)*100 -> 60
A66: 4 | B66: =INPUT!B66 -> 0 | K66: =IF(COUNT($F66:$J66)=0,"",SUM($F66:$J66)) | L66: =IF(ISERROR(IF($K66="","",ROUND(($K66/$K$10)*$L$10,2))),"",IF($K66="","",ROUND(($K66/$K$10)*$L$10,2))) | M66: =IF($L66="","",ROUND($L66*$M$10,2)) | Q66: =IF(COUNT($N66:$P66)=0,"",SUM($N66:$P66)) | R66: =IF(ISERROR(IF($Q66="","",ROUND(($Q66/$Q$10)*$R$10,2))),"",IF($Q66="","",ROUND(($Q66/$Q$10)*$R$10,2))) | S66: =IF($R66="","",ROUND($R66*$S$10,2)) | W66: =IF(COUNT($T66:$V66)=0,"",SUM($T66:$V66)) | X66: =IF(ISERROR(IF($W66="","",ROUND(($W66/$W$10)*$X$10,2))),"",IF($W66="","",ROUND(($W66/$W$10)*$X$10,2))) | Y66: =IF($X66="","",ROUND($X66*$Y$10,2)) | Z66: =IF(ISERROR(IF($V66="","",ROUND(SUM($M66,$S66,$Y66),2))),"",IF($V66="","",ROUND(SUM($M66,$S66,$Y66),2))) | AA66: =IF(ISERROR(IF($V66="","",VLOOKUP(Z66,NewTransmu,4,TRUE))),"",IF($V66="","",VLOOKUP(Z66,NewTransmu,4,TRUE))) | AB66: =IF(ISERROR(IF(AA66="","",VLOOKUP(AA66,DESCRIPTORS,4,TRUE))),"",IF(AA66="","",VLOOKUP(AA66,DESCRIPTORS,4,TRUE))) | AV66: =(T66/$T$10)*100 -> 0 | AW66: =(U66/$U$10)*100 -> 0 | AX66: =(V66/$V$10)*100 -> 0
A67: 5 | B67: =INPUT!B67 -> 0 | K67: =IF(COUNT($F67:$J67)=0,"",SUM($F67:$J67)) | L67: =IF(ISERROR(IF($K67="","",ROUND(($K67/$K$10)*$L$10,2))),"",IF($K67="","",ROUND(($K67/$K$10)*$L$10,2))) | M67: =IF($L67="","",ROUND($L67*$M$10,2)) | Q67: =IF(COUNT($N67:$P67)=0,"",SUM($N67:$P67)) | R67: =IF(ISERROR(IF($Q67="","",ROUND(($Q67/$Q$10)*$R$10,2))),"",IF($Q67="","",ROUND(($Q67/$Q$10)*$R$10,2))) | S67: =IF($R67="","",ROUND($R67*$S$10,2)) | W67: =IF(COUNT($T67:$V67)=0,"",SUM($T67:$V67)) | X67: =IF(ISERROR(IF($W67="","",ROUND(($W67/$W$10)*$X$10,2))),"",IF($W67="","",ROUND(($W67/$W$10)*$X$10,2))) | Y67: =IF($X67="","",ROUND($X67*$Y$10,2)) | Z67: =IF(ISERROR(IF($V67="","",ROUND(SUM($M67,$S67,$Y67),2))),"",IF($V67="","",ROUND(SUM($M67,$S67,$Y67),2))) | AA67: =IF(ISERROR(IF($V67="","",VLOOKUP(Z67,NewTransmu,4,TRUE))),"",IF($V67="","",VLOOKUP(Z67,NewTransmu,4,TRUE))) | AB67: =IF(ISERROR(IF(AA67="","",VLOOKUP(AA67,DESCRIPTORS,4,TRUE))),"",IF(AA67="","",VLOOKUP(AA67,DESCRIPTORS,4,TRUE))) | AV67: =(T67/$T$10)*100 -> 0 | AW67: =(U67/$U$10)*100 -> 0 | AX67: =(V67/$V$10)*100 -> 0
A68: 6 | B68: =INPUT!B68 -> 0 | K68: =IF(COUNT($F68:$J68)=0,"",SUM($F68:$J68)) | L68: =IF(ISERROR(IF($K68="","",ROUND(($K68/$K$10)*$L$10,2))),"",IF($K68="","",ROUND(($K68/$K$10)*$L$10,2))) | M68: =IF($L68="","",ROUND($L68*$M$10,2)) | Q68: =IF(COUNT($N68:$P68)=0,"",SUM($N68:$P68)) | R68: =IF(ISERROR(IF($Q68="","",ROUND(($Q68/$Q$10)*$R$10,2))),"",IF($Q68="","",ROUND(($Q68/$Q$10)*$R$10,2))) | S68: =IF($R68="","",ROUND($R68*$S$10,2)) | W68: =IF(COUNT($T68:$V68)=0,"",SUM($T68:$V68)) | X68: =IF(ISERROR(IF($W68="","",ROUND(($W68/$W$10)*$X$10,2))),"",IF($W68="","",ROUND(($W68/$W$10)*$X$10,2))) | Y68: =IF($X68="","",ROUND($X68*$Y$10,2)) | Z68: =IF(ISERROR(IF($V68="","",ROUND(SUM($M68,$S68,$Y68),2))),"",IF($V68="","",ROUND(SUM($M68,$S68,$Y68),2))) | AA68: =IF(ISERROR(IF($V68="","",VLOOKUP(Z68,NewTransmu,4,TRUE))),"",IF($V68="","",VLOOKUP(Z68,NewTransmu,4,TRUE))) | AB68: =IF(ISERROR(IF(AA68="","",VLOOKUP(AA68,DESCRIPTORS,4,TRUE))),"",IF(AA68="","",VLOOKUP(AA68,DESCRIPTORS,4,TRUE))) | AV68: =(T68/$T$10)*100 -> 0 | AW68: =(U68/$U$10)*100 -> 0 | AX68: =(V68/$V$10)*100 -> 0
A69: 7 | B69: =INPUT!B69 -> 0 | K69: =IF(COUNT($F69:$J69)=0,"",SUM($F69:$J69)) | L69: =IF(ISERROR(IF($K69="","",ROUND(($K69/$K$10)*$L$10,2))),"",IF($K69="","",ROUND(($K69/$K$10)*$L$10,2))) | M69: =IF($L69="","",ROUND($L69*$M$10,2)) | Q69: =IF(COUNT($N69:$P69)=0,"",SUM($N69:$P69)) | R69: =IF(ISERROR(IF($Q69="","",ROUND(($Q69/$Q$10)*$R$10,2))),"",IF($Q69="","",ROUND(($Q69/$Q$10)*$R$10,2))) | S69: =IF($R69="","",ROUND($R69*$S$10,2)) | W69: =IF(COUNT($T69:$V69)=0,"",SUM($T69:$V69)) | X69: =IF(ISERROR(IF($W69="","",ROUND(($W69/$W$10)*$X$10,2))),"",IF($W69="","",ROUND(($W69/$W$10)*$X$10,2))) | Y69: =IF($X69="","",ROUND($X69*$Y$10,2)) | Z69: =IF(ISERROR(IF($V69="","",ROUND(SUM($M69,$S69,$Y69),2))),"",IF($V69="","",ROUND(SUM($M69,$S69,$Y69),2))) | AA69: =IF(ISERROR(IF($V69="","",VLOOKUP(Z69,NewTransmu,4,TRUE))),"",IF($V69="","",VLOOKUP(Z69,NewTransmu,4,TRUE))) | AB69: =IF(ISERROR(IF(AA69="","",VLOOKUP(AA69,DESCRIPTORS,4,TRUE))),"",IF(AA69="","",VLOOKUP(AA69,DESCRIPTORS,4,TRUE))) | AV69: =(T69/$T$10)*100 -> 0 | AW69: =(U69/$U$10)*100 -> 0 | AX69: =(V69/$V$10)*100 -> 0
A70: 8 | B70: =INPUT!B70 -> 0 | K70: =IF(COUNT($F70:$J70)=0,"",SUM($F70:$J70)) | L70: =IF(ISERROR(IF($K70="","",ROUND(($K70/$K$10)*$L$10,2))),"",IF($K70="","",ROUND(($K70/$K$10)*$L$10,2))) | M70: =IF($L70="","",ROUND($L70*$M$10,2)) | Q70: =IF(COUNT($N70:$P70)=0,"",SUM($N70:$P70)) | R70: =IF(ISERROR(IF($Q70="","",ROUND(($Q70/$Q$10)*$R$10,2))),"",IF($Q70="","",ROUND(($Q70/$Q$10)*$R$10,2))) | S70: =IF($R70="","",ROUND($R70*$S$10,2)) | W70: =IF(COUNT($T70:$V70)=0,"",SUM($T70:$V70)) | X70: =IF(ISERROR(IF($W70="","",ROUND(($W70/$W$10)*$X$10,2))),"",IF($W70="","",ROUND(($W70/$W$10)*$X$10,2))) | Y70: =IF($X70="","",ROUND($X70*$Y$10,2)) | Z70: =IF(ISERROR(IF($V70="","",ROUND(SUM($M70,$S70,$Y70),2))),"",IF($V70="","",ROUND(SUM($M70,$S70,$Y70),2))) | AA70: =IF(ISERROR(IF($V70="","",VLOOKUP(Z70,NewTransmu,4,TRUE))),"",IF($V70="","",VLOOKUP(Z70,NewTransmu,4,TRUE))) | AB70: =IF(ISERROR(IF(AA70="","",VLOOKUP(AA70,DESCRIPTORS,4,TRUE))),"",IF(AA70="","",VLOOKUP(AA70,DESCRIPTORS,4,TRUE))) | AV70: =(T70/$T$10)*100 -> 0 | AW70: =(U70/$U$10)*100 -> 0 | AX70: =(V70/$V$10)*100 -> 0
A71: 9 | B71: =INPUT!B71 -> 0 | K71: =IF(COUNT($F71:$J71)=0,"",SUM($F71:$J71)) | L71: =IF(ISERROR(IF($K71="","",ROUND(($K71/$K$10)*$L$10,2))),"",IF($K71="","",ROUND(($K71/$K$10)*$L$10,2))) | M71: =IF($L71="","",ROUND($L71*$M$10,2)) | Q71: =IF(COUNT($N71:$P71)=0,"",SUM($N71:$P71)) | R71: =IF(ISERROR(IF($Q71="","",ROUND(($Q71/$Q$10)*$R$10,2))),"",IF($Q71="","",ROUND(($Q71/$Q$10)*$R$10,2))) | S71: =IF($R71="","",ROUND($R71*$S$10,2)) | W71: =IF(COUNT($T71:$V71)=0,"",SUM($T71:$V71)) | X71: =IF(ISERROR(IF($W71="","",ROUND(($W71/$W$10)*$X$10,2))),"",IF($W71="","",ROUND(($W71/$W$10)*$X$10,2))) | Y71: =IF($X71="","",ROUND($X71*$Y$10,2)) | Z71: =IF(ISERROR(IF($V71="","",ROUND(SUM($M71,$S71,$Y71),2))),"",IF($V71="","",ROUND(SUM($M71,$S71,$Y71),2))) | AA71: =IF(ISERROR(IF($V71="","",VLOOKUP(Z71,NewTransmu,4,TRUE))),"",IF($V71="","",VLOOKUP(Z71,NewTransmu,4,TRUE))) | AB71: =IF(ISERROR(IF(AA71="","",VLOOKUP(AA71,DESCRIPTORS,4,TRUE))),"",IF(AA71="","",VLOOKUP(AA71,DESCRIPTORS,4,TRUE))) | AV71: =(T71/$T$10)*100 -> 0 | AW71: =(U71/$U$10)*100 -> 0 | AX71: =(V71/$V$10)*100 -> 0
A72: 10 | B72: =INPUT!B72 -> 0 | K72: =IF(COUNT($F72:$J72)=0,"",SUM($F72:$J72)) | L72: =IF(ISERROR(IF($K72="","",ROUND(($K72/$K$10)*$L$10,2))),"",IF($K72="","",ROUND(($K72/$K$10)*$L$10,2))) | M72: =IF($L72="","",ROUND($L72*$M$10,2)) | Q72: =IF(COUNT($N72:$P72)=0,"",SUM($N72:$P72)) | R72: =IF(ISERROR(IF($Q72="","",ROUND(($Q72/$Q$10)*$R$10,2))),"",IF($Q72="","",ROUND(($Q72/$Q$10)*$R$10,2))) | S72: =IF($R72="","",ROUND($R72*$S$10,2)) | W72: =IF(COUNT($T72:$V72)=0,"",SUM($T72:$V72)) | X72: =IF(ISERROR(IF($W72="","",ROUND(($W72/$W$10)*$X$10,2))),"",IF($W72="","",ROUND(($W72/$W$10)*$X$10,2))) | Y72: =IF($X72="","",ROUND($X72*$Y$10,2)) | Z72: =IF(ISERROR(IF($V72="","",ROUND(SUM($M72,$S72,$Y72),2))),"",IF($V72="","",ROUND(SUM($M72,$S72,$Y72),2))) | AA72: =IF(ISERROR(IF($V72="","",VLOOKUP(Z72,NewTransmu,4,TRUE))),"",IF($V72="","",VLOOKUP(Z72,NewTransmu,4,TRUE))) | AB72: =IF(ISERROR(IF(AA72="","",VLOOKUP(AA72,DESCRIPTORS,4,TRUE))),"",IF(AA72="","",VLOOKUP(AA72,DESCRIPTORS,4,TRUE))) | AV72: =(T72/$T$10)*100 -> 0 | AW72: =(U72/$U$10)*100 -> 0 | AX72: =(V72/$V$10)*100 -> 0
A73: 11 | B73: =INPUT!B73 -> 0 | K73: =IF(COUNT($F73:$J73)=0,"",SUM($F73:$J73)) | L73: =IF(ISERROR(IF($K73="","",ROUND(($K73/$K$10)*$L$10,2))),"",IF($K73="","",ROUND(($K73/$K$10)*$L$10,2))) | M73: =IF($L73="","",ROUND($L73*$M$10,2)) | Q73: =IF(COUNT($N73:$P73)=0,"",SUM($N73:$P73)) | R73: =IF(ISERROR(IF($Q73="","",ROUND(($Q73/$Q$10)*$R$10,2))),"",IF($Q73="","",ROUND(($Q73/$Q$10)*$R$10,2))) | S73: =IF($R73="","",ROUND($R73*$S$10,2)) | W73: =IF(COUNT($T73:$V73)=0,"",SUM($T73:$V73)) | X73: =IF(ISERROR(IF($W73="","",ROUND(($W73/$W$10)*$X$10,2))),"",IF($W73="","",ROUND(($W73/$W$10)*$X$10,2))) | Y73: =IF($X73="","",ROUND($X73*$Y$10,2)) | Z73: =IF(ISERROR(IF($V73="","",ROUND(SUM($M73,$S73,$Y73),2))),"",IF($V73="","",ROUND(SUM($M73,$S73,$Y73),2))) | AA73: =IF(ISERROR(IF($V73="","",VLOOKUP(Z73,NewTransmu,4,TRUE))),"",IF($V73="","",VLOOKUP(Z73,NewTransmu,4,TRUE))) | AB73: =IF(ISERROR(IF(AA73="","",VLOOKUP(AA73,DESCRIPTORS,4,TRUE))),"",IF(AA73="","",VLOOKUP(AA73,DESCRIPTORS,4,TRUE))) | AV73: =(T73/$T$10)*100 -> 0 | AW73: =(U73/$U$10)*100 -> 0 | AX73: =(V73/$V$10)*100 -> 0
A74: 12 | B74: =INPUT!B74 -> 0 | K74: =IF(COUNT($F74:$J74)=0,"",SUM($F74:$J74)) | L74: =IF(ISERROR(IF($K74="","",ROUND(($K74/$K$10)*$L$10,2))),"",IF($K74="","",ROUND(($K74/$K$10)*$L$10,2))) | M74: =IF($L74="","",ROUND($L74*$M$10,2)) | Q74: =IF(COUNT($N74:$P74)=0,"",SUM($N74:$P74)) | R74: =IF(ISERROR(IF($Q74="","",ROUND(($Q74/$Q$10)*$R$10,2))),"",IF($Q74="","",ROUND(($Q74/$Q$10)*$R$10,2))) | S74: =IF($R74="","",ROUND($R74*$S$10,2)) | W74: =IF(COUNT($T74:$V74)=0,"",SUM($T74:$V74)) | X74: =IF(ISERROR(IF($W74="","",ROUND(($W74/$W$10)*$X$10,2))),"",IF($W74="","",ROUND(($W74/$W$10)*$X$10,2))) | Y74: =IF($X74="","",ROUND($X74*$Y$10,2)) | Z74: =IF(ISERROR(IF($V74="","",ROUND(SUM($M74,$S74,$Y74),2))),"",IF($V74="","",ROUND(SUM($M74,$S74,$Y74),2))) | AA74: =IF(ISERROR(IF($V74="","",VLOOKUP(Z74,NewTransmu,4,TRUE))),"",IF($V74="","",VLOOKUP(Z74,NewTransmu,4,TRUE))) | AB74: =IF(ISERROR(IF(AA74="","",VLOOKUP(AA74,DESCRIPTORS,4,TRUE))),"",IF(AA74="","",VLOOKUP(AA74,DESCRIPTORS,4,TRUE))) | AV74: =(T74/$T$10)*100 -> 0 | AW74: =(U74/$U$10)*100 -> 0 | AX74: =(V74/$V$10)*100 -> 0
A75: 13 | B75: =INPUT!B75 -> 0 | K75: =IF(COUNT($F75:$J75)=0,"",SUM($F75:$J75)) | L75: =IF(ISERROR(IF($K75="","",ROUND(($K75/$K$10)*$L$10,2))),"",IF($K75="","",ROUND(($K75/$K$10)*$L$10,2))) | M75: =IF($L75="","",ROUND($L75*$M$10,2)) | Q75: =IF(COUNT($N75:$P75)=0,"",SUM($N75:$P75)) | R75: =IF(ISERROR(IF($Q75="","",ROUND(($Q75/$Q$10)*$R$10,2))),"",IF($Q75="","",ROUND(($Q75/$Q$10)*$R$10,2))) | S75: =IF($R75="","",ROUND($R75*$S$10,2)) | W75: =IF(COUNT($T75:$V75)=0,"",SUM($T75:$V75)) | X75: =IF(ISERROR(IF($W75="","",ROUND(($W75/$W$10)*$X$10,2))),"",IF($W75="","",ROUND(($W75/$W$10)*$X$10,2))) | Y75: =IF($X75="","",ROUND($X75*$Y$10,2)) | Z75: =IF(ISERROR(IF($V75="","",ROUND(SUM($M75,$S75,$Y75),2))),"",IF($V75="","",ROUND(SUM($M75,$S75,$Y75),2))) | AA75: =IF(ISERROR(IF($V75="","",VLOOKUP(Z75,NewTransmu,4,TRUE))),"",IF($V75="","",VLOOKUP(Z75,NewTransmu,4,TRUE))) | AB75: =IF(ISERROR(IF(AA75="","",VLOOKUP(AA75,DESCRIPTORS,4,TRUE))),"",IF(AA75="","",VLOOKUP(AA75,DESCRIPTORS,4,TRUE))) | AV75: =(T75/$T$10)*100 -> 0 | AW75: =(U75/$U$10)*100 -> 0 | AX75: =(V75/$V$10)*100 -> 0
A76: 14 | B76: =INPUT!B76 -> 0 | K76: =IF(COUNT($F76:$J76)=0,"",SUM($F76:$J76)) | L76: =IF(ISERROR(IF($K76="","",ROUND(($K76/$K$10)*$L$10,2))),"",IF($K76="","",ROUND(($K76/$K$10)*$L$10,2))) | M76: =IF($L76="","",ROUND($L76*$M$10,2)) | Q76: =IF(COUNT($N76:$P76)=0,"",SUM($N76:$P76)) | R76: =IF(ISERROR(IF($Q76="","",ROUND(($Q76/$Q$10)*$R$10,2))),"",IF($Q76="","",ROUND(($Q76/$Q$10)*$R$10,2))) | S76: =IF($R76="","",ROUND($R76*$S$10,2)) | W76: =IF(COUNT($T76:$V76)=0,"",SUM($T76:$V76)) | X76: =IF(ISERROR(IF($W76="","",ROUND(($W76/$W$10)*$X$10,2))),"",IF($W76="","",ROUND(($W76/$W$10)*$X$10,2))) | Y76: =IF($X76="","",ROUND($X76*$Y$10,2)) | Z76: =IF(ISERROR(IF($V76="","",ROUND(SUM($M76,$S76,$Y76),2))),"",IF($V76="","",ROUND(SUM($M76,$S76,$Y76),2))) | AA76: =IF(ISERROR(IF($V76="","",VLOOKUP(Z76,NewTransmu,4,TRUE))),"",IF($V76="","",VLOOKUP(Z76,NewTransmu,4,TRUE))) | AB76: =IF(ISERROR(IF(AA76="","",VLOOKUP(AA76,DESCRIPTORS,4,TRUE))),"",IF(AA76="","",VLOOKUP(AA76,DESCRIPTORS,4,TRUE))) | AV76: =(T76/$T$10)*100 -> 0 | AW76: =(U76/$U$10)*100 -> 0 | AX76: =(V76/$V$10)*100 -> 0
A77: 15 | B77: =INPUT!B77 -> 0 | K77: =IF(COUNT($F77:$J77)=0,"",SUM($F77:$J77)) | L77: =IF(ISERROR(IF($K77="","",ROUND(($K77/$K$10)*$L$10,2))),"",IF($K77="","",ROUND(($K77/$K$10)*$L$10,2))) | M77: =IF($L77="","",ROUND($L77*$M$10,2)) | Q77: =IF(COUNT($N77:$P77)=0,"",SUM($N77:$P77)) | R77: =IF(ISERROR(IF($Q77="","",ROUND(($Q77/$Q$10)*$R$10,2))),"",IF($Q77="","",ROUND(($Q77/$Q$10)*$R$10,2))) | S77: =IF($R77="","",ROUND($R77*$S$10,2)) | W77: =IF(COUNT($T77:$V77)=0,"",SUM($T77:$V77)) | X77: =IF(ISERROR(IF($W77="","",ROUND(($W77/$W$10)*$X$10,2))),"",IF($W77="","",ROUND(($W77/$W$10)*$X$10,2))) | Y77: =IF($X77="","",ROUND($X77*$Y$10,2)) | Z77: =IF(ISERROR(IF($V77="","",ROUND(SUM($M77,$S77,$Y77),2))),"",IF($V77="","",ROUND(SUM($M77,$S77,$Y77),2))) | AA77: =IF(ISERROR(IF($V77="","",VLOOKUP(Z77,NewTransmu,4,TRUE))),"",IF($V77="","",VLOOKUP(Z77,NewTransmu,4,TRUE))) | AB77: =IF(ISERROR(IF(AA77="","",VLOOKUP(AA77,DESCRIPTORS,4,TRUE))),"",IF(AA77="","",VLOOKUP(AA77,DESCRIPTORS,4,TRUE))) | AV77: =(T77/$T$10)*100 -> 0 | AW77: =(U77/$U$10)*100 -> 0 | AX77: =(V77/$V$10)*100 -> 0
... A112: 50 | B112: =INPUT!B112 -> 0 | K112: =IF(COUNT($F112:$J112)=0,"",SUM($F112:$J112)) | L112: =IF(ISERROR(IF($K112="","",ROUND(($K112/$K$10)*$L$10,2))),"",IF($K112="","",ROUND(($K112/$K$10)*$L$10,2))) | M112: =IF($L112="","",ROUND($L112*$M$10,2)) | Q112: =IF(COUNT($N112:$P112)=0,"",SUM($N112:$P112)) | R112: =IF(ISERROR(IF($Q112="","",ROUND(($Q112/$Q$10)*$R$10,2))),"",IF($Q112="","",ROUND(($Q112/$Q$10)*$R$10,2))) | S112: =IF($R112="","",ROUND($R112*$S$10,2)) | W112: =IF(COUNT($T112:$V112)=0,"",SUM($T112:$V112)) | X112: =IF(ISERROR(IF($W112="","",ROUND(($W112/$W$10)*$X$10,2))),"",IF($W112="","",ROUND(($W112/$W$10)*$X$10,2))) | Y112: =IF($X112="","",ROUND($X112*$Y$10,2)) | Z112: =IF(ISERROR(IF($V112="","",ROUND(SUM($M112,$S112,$Y112),2))),"",IF($V112="","",ROUND(SUM($M112,$S112,$Y112),2))) | AA112: =IF(ISERROR(IF($V112="","",VLOOKUP(Z112,NewTransmu,4,TRUE))),"",IF($V112="","",VLOOKUP(Z112,NewTransmu,4,TRUE))) | AB112: =IF(ISERROR(IF(AA112="","",VLOOKUP(AA112,DESCRIPTORS,4,TRUE))),"",IF(AA112="","",VLOOKUP(AA112,DESCRIPTORS,4,TRUE))) | AV112: =(T112/$T$10)*100 -> 0 | AW112: =(U112/$U$10)*100 -> 0 | AX112: =(V112/$V$10)*100 -> 0

Sheet TERM2
A1: Class Record
B4: REGION | G4: =INPUT!G4 -> 0 | I4: DIVISION | L4: =INPUT!L4 -> 0
B5: SCHOOL NAME | G5: =INPUT!G5 -> 0 | Q5: SCHOOL ID | S5: =INPUT!S5 -> 0 | V5: SCHOOL YEAR | Z5: =INPUT!Y5 -> 0
A7: TERM 2 | F7: GRADE & SECTION: | J7: =INPUT!J7 -> 0 | N7: TEACHER: | Q7: =INPUT!Q7 -> 0 | X7: SUBJECT: | Z7: =INPUT!Y7 -> Science
B8: LEARNERS' NAMES | F8: WRITTEN / ORAL WORKS (20%) | N8: PRODUCT / PERFORMANCE TASKS (50%) | T8: SUMMATIVE TESTS AND TERM EXAMINATIONS (30%) | Z8: Initial Grade | AA8: Term Grade | AB8: Descriptior
F9: 1 | G9: 2 | H9: 3 | I9: 4 | J9: 5 | K9: Total | L9: PS | M9: WS | N9: 1 | O9: 2 | P9: 3 | Q9: Total | R9: PS | S9: WS | T9: ST1 | U9: ST2 | V9: TE | W9: Total | X9: PS | Y9: WS
B10: HIGHEST POSSIBLE SCORE | F10: 15 | G10: 20 | K10: =IF(COUNT($F10:$J10)=0,"",SUM($F10:$J10)) -> 35 | L10: 100 | M10: 0.2 | N10: 50 | O10: 90 | P10: 70 | Q10: =IF(COUNT($N10:$P10)=0,"",SUM($N10:$P10)) -> 210 | R10: 100 | S10: 0.5 | T10: 40 | U10: 40 | V10: 40 | W10: {=IF(COUNT($T10:$V10=0),"",SUM($T10:$V10))} -> 120 | X10: 100 | Y10: 0.3
B11: MALE | AD11: TEST/EXAM RESULT ANALYSIS | AV11: ST1 | AW11: ST2 | AX11: TE
A12: 1 | B12: =INPUT!B12 -> Alvarez, Neitan | F12: 14 | G12: 17 | K12: =IF(COUNT($F12:$J12)=0,"",SUM($F12:$J12)) -> 31 | L12: =IF(ISERROR(IF($K12="","",ROUND(($K12/$K$10)*$L$10,2))),"",IF($K12="","",ROUND(($K12/$K$10)*$L$10,2))) -> 88.57 | M12: =IF($L12="","",ROUND($L12*$M$10,2)) -> 17.71 | N12: 30 | O12: 85 | P12: 63 | Q12: =IF(COUNT($N12:$P12)=0,"",SUM($N12:$P12)) -> 178 | R12: =IF(ISERROR(IF($Q12="","",ROUND(($Q12/$Q$10)*$R$10,2))),"",IF($Q12="","",ROUND(($Q12/$Q$10)*$R$10,2))) -> 84.76 | S12: =IF($R12="","",ROUND($R12*$S$10,2)) -> 42.38 | T12: 26 | U12: 35 | V12: 36 | W12: =IF(COUNT($T12:$V12)=0,"",SUM($T12:$V12)) -> 97 | X12: =IF(ISERROR(IF($W12="","",ROUND(($W12/$W$10)*$X$10,2))),"",IF($W12="","",ROUND(($W12/$W$10)*$X$10,2))) -> 80.83 | Y12: =IF($X12="","",ROUND($X12*$Y$10,2)) -> 24.25 | Z12: =IF(ISERROR(IF($W12="","",ROUND(SUM($M12,$S12,$Y12),2))),"",IF($W12="","",ROUND(SUM($M12,$S12,$Y12),2))) -> 84.34 | AA12: =IF(ISERROR(IF($W12="","",VLOOKUP(Z12,NewTransmu,4,TRUE))),"",IF($W12="","",VLOOKUP(Z12,NewTransmu,4,TRUE))) -> 86 | AB12: =IF(ISERROR(IF(AA12="","",VLOOKUP(AA12,DESCRIPTORS,4,TRUE))),"",IF(AA12="","",VLOOKUP(AA12,DESCRIPTORS,4,TRUE))) -> Benchmarking | AV12: =(T12/$T$10)*100 -> 65 | AW12: =(U12/$U$10)*100 -> 87.5 | AX12: =(V12/$V$10)*100 -> 90
A13: 2 | B13: =INPUT!B13 -> Bautista, Mark | F13: 12 | G13: 16 | K13: =IF(COUNT($F13:$J13)=0,"",SUM($F13:$J13)) -> 28 | L13: =IF(ISERROR(IF($K13="","",ROUND(($K13/$K$10)*$L$10,2))),"",IF($K13="","",ROUND(($K13/$K$10)*$L$10,2))) -> 80 | M13: =IF($L13="","",ROUND($L13*$M$10,2)) -> 16 | N13: 31 | O13: 87 | P13: 65 | Q13: =IF(COUNT($N13:$P13)=0,"",SUM($N13:$P13)) -> 183 | R13: =IF(ISERROR(IF($Q13="","",ROUND(($Q13/$Q$10)*$R$10,2))),"",IF($Q13="","",ROUND(($Q13/$Q$10)*$R$10,2))) -> 87.14 | S13: =IF($R13="","",ROUND($R13*$S$10,2)) -> 43.57 | T13: 31 | U13: 30 | V13: 35 | W13: =IF(COUNT($T13:$V13)=0,"",SUM($T13:$V13)) -> 96 | X13: =IF(ISERROR(IF($W13="","",ROUND(($W13/$W$10)*$X$10,2))),"",IF($W13="","",ROUND(($W13/$W$10)*$X$10,2))) -> 80 | Y13: =IF($X13="","",ROUND($X13*$Y$10,2)) -> 24 | Z13: =IF(ISERROR(IF($V13="","",ROUND(SUM($M13,$S13,$Y13),2))),"",IF($V13="","",ROUND(SUM($M13,$S13,$Y13),2))) -> 83.57 | AA13: =IF(ISERROR(IF($V13="","",VLOOKUP(Z13,NewTransmu,4,TRUE))),"",IF($V13="","",VLOOKUP(Z13,NewTransmu,4,TRUE))) -> 85 | AB13: =IF(ISERROR(IF(AA13="","",VLOOKUP(AA13,DESCRIPTORS,4,TRUE))),"",IF(AA13="","",VLOOKUP(AA13,DESCRIPTORS,4,TRUE))) -> Benchmarking | AE13: ST1 | AF13: ST2 | AG13: TE | AV13: =(T13/$T$10)*100 -> 77.5 | AW13: =(U13/$U$10)*100 -> 75 | AX13: =(V13/$V$10)*100 -> 87.5
A14: 3 | B14: =INPUT!B14 -> Castro, Daniel | F14: 10 | G14: 15 | K14: =IF(COUNT($F14:$J14)=0,"",SUM($F14:$J14)) -> 25 | L14: =IF(ISERROR(IF($K14="","",ROUND(($K14/$K$10)*$L$10,2))),"",IF($K14="","",ROUND(($K14/$K$10)*$L$10,2))) -> 71.43 | M14: =IF($L14="","",ROUND($L14*$M$10,2)) -> 14.29 | N14: 32 | O14: 86 | P14: 60 | Q14: =IF(COUNT($N14:$P14)=0,"",SUM($N14:$P14)) -> 178 | R14: =IF(ISERROR(IF($Q14="","",ROUND(($Q14/$Q$10)*$R$10,2))),"",IF($Q14="","",ROUND(($Q14/$Q$10)*$R$10,2))) -> 84.76 | S14: =IF($R14="","",ROUND($R14*$S$10,2)) -> 42.38 | T14: 30 | U14: 30 | V14: 30 | W14: =IF(COUNT($T14:$V14)=0,"",SUM($T14:$V14)) -> 90 | X14: =IF(ISERROR(IF($W14="","",ROUND(($W14/$W$10)*$X$10,2))),"",IF($W14="","",ROUND(($W14/$W$10)*$X$10,2))) -> 75 | Y14: =IF($X14="","",ROUND($X14*$Y$10,2)) -> 22.5 | Z14: =IF(ISERROR(IF($V14="","",ROUND(SUM($M14,$S14,$Y14),2))),"",IF($V14="","",ROUND(SUM($M14,$S14,$Y14),2))) -> 79.17 | AA14: =IF(ISERROR(IF($V14="","",VLOOKUP(Z14,NewTransmu,4,TRUE))),"",IF($V14="","",VLOOKUP(Z14,NewTransmu,4,TRUE))) -> 81 | AB14: =IF(ISERROR(IF(AA14="","",VLOOKUP(AA14,DESCRIPTORS,4,TRUE))),"",IF(AA14="","",VLOOKUP(AA14,DESCRIPTORS,4,TRUE))) -> Benchmarking | AD14: Number of Examinees: | AE14: =COUNTA(T12:T112) -> 6 | AF14: =COUNTA(U12:U112) -> 6 | AG14: =COUNTA(V12:V112) -> 6 | AV14: =(T14/$T$10)*100 -> 75 | AW14: =(U14/$U$10)*100 -> 75 | AX14: =(V14/$V$10)*100 -> 75
A15: 4 | B15: =INPUT!B15 -> 0 | K15: =IF(COUNT($F15:$J15)=0,"",SUM($F15:$J15)) | L15: =IF(ISERROR(IF($K15="","",ROUND(($K15/$K$10)*$L$10,2))),"",IF($K15="","",ROUND(($K15/$K$10)*$L$10,2))) | M15: =IF($L15="","",ROUND($L15*$M$10,2)) | Q15: =IF(COUNT($N15:$P15)=0,"",SUM($N15:$P15)) | R15: =IF(ISERROR(IF($Q15="","",ROUND(($Q15/$Q$10)*$R$10,2))),"",IF($Q15="","",ROUND(($Q15/$Q$10)*$R$10,2))) | S15: =IF($R15="","",ROUND($R15*$S$10,2)) | W15: =IF(COUNT($T15:$V15)=0,"",SUM($T15:$V15)) | X15: =IF(ISERROR(IF($W15="","",ROUND(($W15/$W$10)*$X$10,2))),"",IF($W15="","",ROUND(($W15/$W$10)*$X$10,2))) | Y15: =IF($X15="","",ROUND($X15*$Y$10,2)) | Z15: =IF(ISERROR(IF($V15="","",ROUND(SUM($M15,$S15,$Y15),2))),"",IF($V15="","",ROUND(SUM($M15,$S15,$Y15),2))) | AA15: =IF(ISERROR(IF($V15="","",VLOOKUP(Z15,NewTransmu,4,TRUE))),"",IF($V15="","",VLOOKUP(Z15,NewTransmu,4,TRUE))) | AB15: =IF(ISERROR(IF(AA15="","",VLOOKUP(AA15,DESCRIPTORS,4,TRUE))),"",IF(AA15="","",VLOOKUP(AA15,DESCRIPTORS,4,TRUE))) | AD15: Highest Possible Score: | AE15: =T10 -> 40 | AF15: =U10 -> 40 | AG15: =V10 -> 40 | AV15: =(T15/$T$10)*100 -> 0 | AW15: =(U15/$U$10)*100 -> 0 | AX15: =(V15/$V$10)*100 -> 0
A16: 5 | B16: =INPUT!B16 -> 0 | K16: =IF(COUNT($F16:$J16)=0,"",SUM($F16:$J16)) | L16: =IF(ISERROR(IF($K16="","",ROUND(($K16/$K$10)*$L$10,2))),"",IF($K16="","",ROUND(($K16/$K$10)*$L$10,2))) | M16: =IF($L16="","",ROUND($L16*$M$10,2)) | Q16: =IF(COUNT($N16:$P16)=0,"",SUM($N16:$P16)) | R16: =IF(ISERROR(IF($Q16="","",ROUND(($Q16/$Q$10)*$R$10,2))),"",IF($Q16="","",ROUND(($Q16/$Q$10)*$R$10,2))) | S16: =IF($R16="","",ROUND($R16*$S$10,2)) | W16: =IF(COUNT($T16:$V16)=0,"",SUM($T16:$V16)) | X16: =IF(ISERROR(IF($W16="","",ROUND(($W16/$W$10)*$X$10,2))),"",IF($W16="","",ROUND(($W16/$W$10)*$X$10,2))) | Y16: =IF($X16="","",ROUND($X16*$Y$10,2)) | Z16: =IF(ISERROR(IF($V16="","",ROUND(SUM($M16,$S16,$Y16),2))),"",IF($V16="","",ROUND(SUM($M16,$S16,$Y16),2))) | AA16: =IF(ISERROR(IF($V16="","",VLOOKUP(Z16,NewTransmu,4,TRUE))),"",IF($V16="","",VLOOKUP(Z16,NewTransmu,4,TRUE))) | AB16: =IF(ISERROR(IF(AA16="","",VLOOKUP(AA16,DESCRIPTORS,4,TRUE))),"",IF(AA16="","",VLOOKUP(AA16,DESCRIPTORS,4,TRUE))) | AV16: =(T16/$T$10)*100 -> 0 | AW16: =(U16/$U$10)*100 -> 0 | AX16: =(V16/$V$10)*100 -> 0
A17: 6 | B17: =INPUT!B17 -> 0 | K17: =IF(COUNT($F17:$J17)=0,"",SUM($F17:$J17)) | L17: =IF(ISERROR(IF($K17="","",ROUND(($K17/$K$10)*$L$10,2))),"",IF($K17="","",ROUND(($K17/$K$10)*$L$10,2))) | M17: =IF($L17="","",ROUND($L17*$M$10,2)) | Q17: =IF(COUNT($N17:$P17)=0,"",SUM($N17:$P17)) | R17: =IF(ISERROR(IF($Q17="","",ROUND(($Q17/$Q$10)*$R$10,2))),"",IF($Q17="","",ROUND(($Q17/$Q$10)*$R$10,2))) | S17: =IF($R17="","",ROUND($R17*$S$10,2)) | W17: =IF(COUNT($T17:$V17)=0,"",SUM($T17:$V17)) | X17: =IF(ISERROR(IF($W17="","",ROUND(($W17/$W$10)*$X$10,2))),"",IF($W17="","",ROUND(($W17/$W$10)*$X$10,2))) | Y17: =IF($X17="","",ROUND($X17*$Y$10,2)) | Z17: =IF(ISERROR(IF($V17="","",ROUND(SUM($M17,$S17,$Y17),2))),"",IF($V17="","",ROUND(SUM($M17,$S17,$Y17),2))) | AA17: =IF(ISERROR(IF($V17="","",VLOOKUP(Z17,NewTransmu,4,TRUE))),"",IF($V17="","",VLOOKUP(Z17,NewTransmu,4,TRUE))) | AB17: =IF(ISERROR(IF(AA17="","",VLOOKUP(AA17,DESCRIPTORS,4,TRUE))),"",IF(AA17="","",VLOOKUP(AA17,DESCRIPTORS,4,TRUE))) | AD17: CRITERION-REFERENCED | AE17: ST1 | AF17: ST2 | AG17: TE | AV17: =(T17/$T$10)*100 -> 0 | AW17: =(U17/$U$10)*100 -> 0 | AX17: =(V17/$V$10)*100 -> 0
A18: 7 | B18: =INPUT!B18 -> 0 | K18: =IF(COUNT($F18:$J18)=0,"",SUM($F18:$J18)) | L18: =IF(ISERROR(IF($K18="","",ROUND(($K18/$K$10)*$L$10,2))),"",IF($K18="","",ROUND(($K18/$K$10)*$L$10,2))) | M18: =IF($L18="","",ROUND($L18*$M$10,2)) | Q18: =IF(COUNT($N18:$P18)=0,"",SUM($N18:$P18)) | R18: =IF(ISERROR(IF($Q18="","",ROUND(($Q18/$Q$10)*$R$10,2))),"",IF($Q18="","",ROUND(($Q18/$Q$10)*$R$10,2))) | S18: =IF($R18="","",ROUND($R18*$S$10,2)) | W18: =IF(COUNT($T18:$V18)=0,"",SUM($T18:$V18)) | X18: =IF(ISERROR(IF($W18="","",ROUND(($W18/$W$10)*$X$10,2))),"",IF($W18="","",ROUND(($W18/$W$10)*$X$10,2))) | Y18: =IF($X18="","",ROUND($X18*$Y$10,2)) | Z18: =IF(ISERROR(IF($V18="","",ROUND(SUM($M18,$S18,$Y18),2))),"",IF($V18="","",ROUND(SUM($M18,$S18,$Y18),2))) | AA18: =IF(ISERROR(IF($V18="","",VLOOKUP(Z18,NewTransmu,4,TRUE))),"",IF($V18="","",VLOOKUP(Z18,NewTransmu,4,TRUE))) | AB18: =IF(ISERROR(IF(AA18="","",VLOOKUP(AA18,DESCRIPTORS,4,TRUE))),"",IF(AA18="","",VLOOKUP(AA18,DESCRIPTORS,4,TRUE))) | AD18: Got 75% & above | AE18: =COUNTIF(AV12:AV112,">=75") -> 4 | AF18: =COUNTIF(AW12:AW112,">=75") -> 6 | AG18: =COUNTIF(AX12:AX112,">=75") -> 6 | AV18: =(T18/$T$10)*100 -> 0 | AW18: =(U18/$U$10)*100 -> 0 | AX18: =(V18/$V$10)*100 -> 0
A19: 8 | B19: =INPUT!B19 -> 0 | K19: =IF(COUNT($F19:$J19)=0,"",SUM($F19:$J19)) | L19: =IF(ISERROR(IF($K19="","",ROUND(($K19/$K$10)*$L$10,2))),"",IF($K19="","",ROUND(($K19/$K$10)*$L$10,2))) | M19: =IF($L19="","",ROUND($L19*$M$10,2)) | Q19: =IF(COUNT($N19:$P19)=0,"",SUM($N19:$P19)) | R19: =IF(ISERROR(IF($Q19="","",ROUND(($Q19/$Q$10)*$R$10,2))),"",IF($Q19="","",ROUND(($Q19/$Q$10)*$R$10,2))) | S19: =IF($R19="","",ROUND($R19*$S$10,2)) | W19: =IF(COUNT($T19:$V19)=0,"",SUM($T19:$V19)) | X19: =IF(ISERROR(IF($W19="","",ROUND(($W19/$W$10)*$X$10,2))),"",IF($W19="","",ROUND(($W19/$W$10)*$X$10,2))) | Y19: =IF($X19="","",ROUND($X19*$Y$10,2)) | Z19: =IF(ISERROR(IF($V19="","",ROUND(SUM($M19,$S19,$Y19),2))),"",IF($V19="","",ROUND(SUM($M19,$S19,$Y19),2))) | AA19: =IF(ISERROR(IF($V19="","",VLOOKUP(Z19,NewTransmu,4,TRUE))),"",IF($V19="","",VLOOKUP(Z19,NewTransmu,4,TRUE))) | AB19: =IF(ISERROR(IF(AA19="","",VLOOKUP(AA19,DESCRIPTORS,4,TRUE))),"",IF(AA19="","",VLOOKUP(AA19,DESCRIPTORS,4,TRUE))) | AD19: Percentage | AE19: =IFERROR(AE18/AE14,"") -> 0.66666667 | AF19: =IFERROR(AF18/AF14,"") -> 1 | AG19: =IFERROR(AG18/AG14,"") -> 1 | AV19: =(T19/$T$10)*100 -> 0 | AW19: =(U19/$U$10)*100 -> 0 | AX19: =(V19/$V$10)*100 -> 0
A20: 9 | B20: =INPUT!B20 -> 0 | K20: =IF(COUNT($F20:$J20)=0,"",SUM($F20:$J20)) | L20: =IF(ISERROR(IF($K20="","",ROUND(($K20/$K$10)*$L$10,2))),"",IF($K20="","",ROUND(($K20/$K$10)*$L$10,2))) | M20: =IF($L20="","",ROUND($L20*$M$10,2)) | Q20: =IF(COUNT($N20:$P20)=0,"",SUM($N20:$P20)) | R20: =IF(ISERROR(IF($Q20="","",ROUND(($Q20/$Q$10)*$R$10,2))),"",IF($Q20="","",ROUND(($Q20/$Q$10)*$R$10,2))) | S20: =IF($R20="","",ROUND($R20*$S$10,2)) | W20: =IF(COUNT($T20:$V20)=0,"",SUM($T20:$V20)) | X20: =IF(ISERROR(IF($W20="","",ROUND(($W20/$W$10)*$X$10,2))),"",IF($W20="","",ROUND(($W20/$W$10)*$X$10,2))) | Y20: =IF($X20="","",ROUND($X20*$Y$10,2)) | Z20: =IF(ISERROR(IF($V20="","",ROUND(SUM($M20,$S20,$Y20),2))),"",IF($V20="","",ROUND(SUM($M20,$S20,$Y20),2))) | AA20: =IF(ISERROR(IF($V20="","",VLOOKUP(Z20,NewTransmu,4,TRUE))),"",IF($V20="","",VLOOKUP(Z20,NewTransmu,4,TRUE))) | AB20: =IF(ISERROR(IF(AA20="","",VLOOKUP(AA20,DESCRIPTORS,4,TRUE))),"",IF(AA20="","",VLOOKUP(AA20,DESCRIPTORS,4,TRUE))) | AD20: Got below 75% | AE20: =AE14-AE18 -> 2 | AF20: =AF14-AF18 -> 0 | AG20: =AG14-AG18 -> 0 | AV20: =(T20/$T$10)*100 -> 0 | AW20: =(U20/$U$10)*100 -> 0 | AX20: =(V20/$V$10)*100 -> 0
A21: 10 | B21: =INPUT!B21 -> 0 | K21: =IF(COUNT($F21:$J21)=0,"",SUM($F21:$J21)) | L21: =IF(ISERROR(IF($K21="","",ROUND(($K21/$K$10)*$L$10,2))),"",IF($K21="","",ROUND(($K21/$K$10)*$L$10,2))) | M21: =IF($L21="","",ROUND($L21*$M$10,2)) | Q21: =IF(COUNT($N21:$P21)=0,"",SUM($N21:$P21)) | R21: =IF(ISERROR(IF($Q21="","",ROUND(($Q21/$Q$10)*$R$10,2))),"",IF($Q21="","",ROUND(($Q21/$Q$10)*$R$10,2))) | S21: =IF($R21="","",ROUND($R21*$S$10,2)) | W21: =IF(COUNT($T21:$V21)=0,"",SUM($T21:$V21)) | X21: =IF(ISERROR(IF($W21="","",ROUND(($W21/$W$10)*$X$10,2))),"",IF($W21="","",ROUND(($W21/$W$10)*$X$10,2))) | Y21: =IF($X21="","",ROUND($X21*$Y$10,2)) | Z21: =IF(ISERROR(IF($V21="","",ROUND(SUM($M21,$S21,$Y21),2))),"",IF($V21="","",ROUND(SUM($M21,$S21,$Y21),2))) | AA21: =IF(ISERROR(IF($V21="","",VLOOKUP(Z21,NewTransmu,4,TRUE))),"",IF($V21="","",VLOOKUP(Z21,NewTransmu,4,TRUE))) | AB21: =IF(ISERROR(IF(AA21="","",VLOOKUP(AA21,DESCRIPTORS,4,TRUE))),"",IF(AA21="","",VLOOKUP(AA21,DESCRIPTORS,4,TRUE))) | AD21: Percentage | AE21: =IFERROR(1-AE19,"") -> 0.33333333 | AF21: =IFERROR(1-AF19,"") -> 0 | AG21: =IFERROR(1-AG19,"") -> 0 | AV21: =(T21/$T$10)*100 -> 0 | AW21: =(U21/$U$10)*100 -> 0 | AX21: =(V21/$V$10)*100 -> 0
A22: 11 | B22: =INPUT!B22 -> 0 | K22: =IF(COUNT($F22:$J22)=0,"",SUM($F22:$J22)) | L22: =IF(ISERROR(IF($K22="","",ROUND(($K22/$K$10)*$L$10,2))),"",IF($K22="","",ROUND(($K22/$K$10)*$L$10,2))) | M22: =IF($L22="","",ROUND($L22*$M$10,2)) | Q22: =IF(COUNT($N22:$P22)=0,"",SUM($N22:$P22)) | R22: =IF(ISERROR(IF($Q22="","",ROUND(($Q22/$Q$10)*$R$10,2))),"",IF($Q22="","",ROUND(($Q22/$Q$10)*$R$10,2))) | S22: =IF($R22="","",ROUND($R22*$S$10,2)) | W22: =IF(COUNT($T22:$V22)=0,"",SUM($T22:$V22)) | X22: =IF(ISERROR(IF($W22="","",ROUND(($W22/$W$10)*$X$10,2))),"",IF($W22="","",ROUND(($W22/$W$10)*$X$10,2))) | Y22: =IF($X22="","",ROUND($X22*$Y$10,2)) | Z22: =IF(ISERROR(IF($V22="","",ROUND(SUM($M22,$S22,$Y22),2))),"",IF($V22="","",ROUND(SUM($M22,$S22,$Y22),2))) | AA22: =IF(ISERROR(IF($V22="","",VLOOKUP(Z22,NewTransmu,4,TRUE))),"",IF($V22="","",VLOOKUP(Z22,NewTransmu,4,TRUE))) | AB22: =IF(ISERROR(IF(AA22="","",VLOOKUP(AA22,DESCRIPTORS,4,TRUE))),"",IF(AA22="","",VLOOKUP(AA22,DESCRIPTORS,4,TRUE))) | AV22: =(T22/$T$10)*100 -> 0 | AW22: =(U22/$U$10)*100 -> 0 | AX22: =(V22/$V$10)*100 -> 0
A23: 12 | B23: =INPUT!B23 -> 0 | K23: =IF(COUNT($F23:$J23)=0,"",SUM($F23:$J23)) | L23: =IF(ISERROR(IF($K23="","",ROUND(($K23/$K$10)*$L$10,2))),"",IF($K23="","",ROUND(($K23/$K$10)*$L$10,2))) | M23: =IF($L23="","",ROUND($L23*$M$10,2)) | Q23: =IF(COUNT($N23:$P23)=0,"",SUM($N23:$P23)) | R23: =IF(ISERROR(IF($Q23="","",ROUND(($Q23/$Q$10)*$R$10,2))),"",IF($Q23="","",ROUND(($Q23/$Q$10)*$R$10,2))) | S23: =IF($R23="","",ROUND($R23*$S$10,2)) | W23: =IF(COUNT($T23:$V23)=0,"",SUM($T23:$V23)) | X23: =IF(ISERROR(IF($W23="","",ROUND(($W23/$W$10)*$X$10,2))),"",IF($W23="","",ROUND(($W23/$W$10)*$X$10,2))) | Y23: =IF($X23="","",ROUND($X23*$Y$10,2)) | Z23: =IF(ISERROR(IF($V23="","",ROUND(SUM($M23,$S23,$Y23),2))),"",IF($V23="","",ROUND(SUM($M23,$S23,$Y23),2))) | AA23: =IF(ISERROR(IF($V23="","",VLOOKUP(Z23,NewTransmu,4,TRUE))),"",IF($V23="","",VLOOKUP(Z23,NewTransmu,4,TRUE))) | AB23: =IF(ISERROR(IF(AA23="","",VLOOKUP(AA23,DESCRIPTORS,4,TRUE))),"",IF(AA23="","",VLOOKUP(AA23,DESCRIPTORS,4,TRUE))) | AD23: NORM-REFERENCED | AE23: ST1 | AF23: ST2 | AG23: TE | AV23: =(T23/$T$10)*100 -> 0 | AW23: =(U23/$U$10)*100 -> 0 | AX23: =(V23/$V$10)*100 -> 0
A24: 13 | B24: =INPUT!B24 -> 0 | K24: =IF(COUNT($F24:$J24)=0,"",SUM($F24:$J24)) | L24: =IF(ISERROR(IF($K24="","",ROUND(($K24/$K$10)*$L$10,2))),"",IF($K24="","",ROUND(($K24/$K$10)*$L$10,2))) | M24: =IF($L24="","",ROUND($L24*$M$10,2)) | Q24: =IF(COUNT($N24:$P24)=0,"",SUM($N24:$P24)) | R24: =IF(ISERROR(IF($Q24="","",ROUND(($Q24/$Q$10)*$R$10,2))),"",IF($Q24="","",ROUND(($Q24/$Q$10)*$R$10,2))) | S24: =IF($R24="","",ROUND($R24*$S$10,2)) | W24: =IF(COUNT($T24:$V24)=0,"",SUM($T24:$V24)) | X24: =IF(ISERROR(IF($W24="","",ROUND(($W24/$W$10)*$X$10,2))),"",IF($W24="","",ROUND(($W24/$W$10)*$X$10,2))) | Y24: =IF($X24="","",ROUND($X24*$Y$10,2)) | Z24: =IF(ISERROR(IF($V24="","",ROUND(SUM($M24,$S24,$Y24),2))),"",IF($V24="","",ROUND(SUM($M24,$S24,$Y24),2))) | AA24: =IF(ISERROR(IF($V24="","",VLOOKUP(Z24,NewTransmu,4,TRUE))),"",IF($V24="","",VLOOKUP(Z24,NewTransmu,4,TRUE))) | AB24: =IF(ISERROR(IF(AA24="","",VLOOKUP(AA24,DESCRIPTORS,4,TRUE))),"",IF(AA24="","",VLOOKUP(AA24,DESCRIPTORS,4,TRUE))) | AD24: Mean | AE24: =IFERROR(AVERAGE(T12:T112),"") -> 29 | AF24: =IFERROR(AVERAGE(U12:U112),"") -> 31.666667 | AG24: =IFERROR(AVERAGE(V12:V112),"") -> 33.666667 | AV24: =(T24/$T$10)*100 -> 0 | AW24: =(U24/$U$10)*100 -> 0 | AX24: =(V24/$V$10)*100 -> 0
A25: 14 | B25: =INPUT!B25 -> 0 | K25: =IF(COUNT($F25:$J25)=0,"",SUM($F25:$J25)) | L25: =IF(ISERROR(IF($K25="","",ROUND(($K25/$K$10)*$L$10,2))),"",IF($K25="","",ROUND(($K25/$K$10)*$L$10,2))) | M25: =IF($L25="","",ROUND($L25*$M$10,2)) | Q25: =IF(COUNT($N25:$P25)=0,"",SUM($N25:$P25)) | R25: =IF(ISERROR(IF($Q25="","",ROUND(($Q25/$Q$10)*$R$10,2))),"",IF($Q25="","",ROUND(($Q25/$Q$10)*$R$10,2))) | S25: =IF($R25="","",ROUND($R25*$S$10,2)) | W25: =IF(COUNT($T25:$V25)=0,"",SUM($T25:$V25)) | X25: =IF(ISERROR(IF($W25="","",ROUND(($W25/$W$10)*$X$10,2))),"",IF($W25="","",ROUND(($W25/$W$10)*$X$10,2))) | Y25: =IF($X25="","",ROUND($X25*$Y$10,2)) | Z25: =IF(ISERROR(IF($V25="","",ROUND(SUM($M25,$S25,$Y25),2))),"",IF($V25="","",ROUND(SUM($M25,$S25,$Y25),2))) | AA25: =IF(ISERROR(IF($V25="","",VLOOKUP(Z25,NewTransmu,4,TRUE))),"",IF($V25="","",VLOOKUP(Z25,NewTransmu,4,TRUE))) | AB25: =IF(ISERROR(IF(AA25="","",VLOOKUP(AA25,DESCRIPTORS,4,TRUE))),"",IF(AA25="","",VLOOKUP(AA25,DESCRIPTORS,4,TRUE))) | AD25: Median | AE25: =IFERROR(MEDIAN(T12:T112),"") -> 30 | AF25: =IFERROR(MEDIAN(U12:U112),"") -> 30 | AG25: =IFERROR(MEDIAN(V12:V112),"") -> 35 | AV25: =(T25/$T$10)*100 -> 0 | AW25: =(U25/$U$10)*100 -> 0 | AX25: =(V25/$V$10)*100 -> 0
A26: 15 | B26: =INPUT!B26 -> 0 | K26: =IF(COUNT($F26:$J26)=0,"",SUM($F26:$J26)) | L26: =IF(ISERROR(IF($K26="","",ROUND(($K26/$K$10)*$L$10,2))),"",IF($K26="","",ROUND(($K26/$K$10)*$L$10,2))) | M26: =IF($L26="","",ROUND($L26*$M$10,2)) | Q26: =IF(COUNT($N26:$P26)=0,"",SUM($N26:$P26)) | R26: =IF(ISERROR(IF($Q26="","",ROUND(($Q26/$Q$10)*$R$10,2))),"",IF($Q26="","",ROUND(($Q26/$Q$10)*$R$10,2))) | S26: =IF($R26="","",ROUND($R26*$S$10,2)) | W26: =IF(COUNT($T26:$V26)=0,"",SUM($T26:$V26)) | X26: =IF(ISERROR(IF($W26="","",ROUND(($W26/$W$10)*$X$10,2))),"",IF($W26="","",ROUND(($W26/$W$10)*$X$10,2))) | Y26: =IF($X26="","",ROUND($X26*$Y$10,2)) | Z26: =IF(ISERROR(IF($V26="","",ROUND(SUM($M26,$S26,$Y26),2))),"",IF($V26="","",ROUND(SUM($M26,$S26,$Y26),2))) | AA26: =IF(ISERROR(IF($V26="","",VLOOKUP(Z26,NewTransmu,4,TRUE))),"",IF($V26="","",VLOOKUP(Z26,NewTransmu,4,TRUE))) | AB26: =IF(ISERROR(IF(AA26="","",VLOOKUP(AA26,DESCRIPTORS,4,TRUE))),"",IF(AA26="","",VLOOKUP(AA26,DESCRIPTORS,4,TRUE))) | AD26: SD | AE26: =IFERROR(_xlfn.STDEV.S(T12:T112),"") -> 2.3664319 | AF26: =_xlfn.STDEV.S(U12:U112) -> 2.5819889 | AG26: =_xlfn.STDEV.S(V12:V112) -> 2.8751812 | AV26: =(T26/$T$10)*100 -> 0 | AW26: =(U26/$U$10)*100 -> 0 | AX26: =(V26/$V$10)*100 -> 0
A27: 16 | B27: =INPUT!B27 -> 0 | K27: =IF(COUNT($F27:$J27)=0,"",SUM($F27:$J27)) | L27: =IF(ISERROR(IF($K27="","",ROUND(($K27/$K$10)*$L$10,2))),"",IF($K27="","",ROUND(($K27/$K$10)*$L$10,2))) | M27: =IF($L27="","",ROUND($L27*$M$10,2)) | Q27: =IF(COUNT($N27:$P27)=0,"",SUM($N27:$P27)) | R27: =IF(ISERROR(IF($Q27="","",ROUND(($Q27/$Q$10)*$R$10,2))),"",IF($Q27="","",ROUND(($Q27/$Q$10)*$R$10,2))) | S27: =IF($R27="","",ROUND($R27*$S$10,2)) | W27: =IF(COUNT($T27:$V27)=0,"",SUM($T27:$V27)) | X27: =IF(ISERROR(IF($W27="","",ROUND(($W27/$W$10)*$X$10,2))),"",IF($W27="","",ROUND(($W27/$W$10)*$X$10,2))) | Y27: =IF($X27="","",ROUND($X27*$Y$10,2)) | Z27: =IF(ISERROR(IF($V27="","",ROUND(SUM($M27,$S27,$Y27),2))),"",IF($V27="","",ROUND(SUM($M27,$S27,$Y27),2))) | AA27: =IF(ISERROR(IF($V27="","",VLOOKUP(Z27,NewTransmu,4,TRUE))),"",IF($V27="","",VLOOKUP(Z27,NewTransmu,4,TRUE))) | AB27: =IF(ISERROR(IF(AA27="","",VLOOKUP(AA27,DESCRIPTORS,4,TRUE))),"",IF(AA27="","",VLOOKUP(AA27,DESCRIPTORS,4,TRUE))) | AD27: MPS/PL | AE27: =IFERROR(AE24/AE15,"") -> 0.725 | AF27: =IFERROR(AF24/AF15,"") -> 0.79166667 | AG27: =IFERROR(AG24/AG15,"") -> 0.84166667 | AV27: =(T27/$T$10)*100 -> 0 | AW27: =(U27/$U$10)*100 -> 0 | AX27: =(V27/$V$10)*100 -> 0
A28: 17 | B28: =INPUT!B28 -> 0 | K28: =IF(COUNT($F28:$J28)=0,"",SUM($F28:$J28)) | L28: =IF(ISERROR(IF($K28="","",ROUND(($K28/$K$10)*$L$10,2))),"",IF($K28="","",ROUND(($K28/$K$10)*$L$10,2))) | M28: =IF($L28="","",ROUND($L28*$M$10,2)) | Q28: =IF(COUNT($N28:$P28)=0,"",SUM($N28:$P28)) | R28: =IF(ISERROR(IF($Q28="","",ROUND(($Q28/$Q$10)*$R$10,2))),"",IF($Q28="","",ROUND(($Q28/$Q$10)*$R$10,2))) | S28: =IF($R28="","",ROUND($R28*$S$10,2)) | W28: =IF(COUNT($T28:$V28)=0,"",SUM($T28:$V28)) | X28: =IF(ISERROR(IF($W28="","",ROUND(($W28/$W$10)*$X$10,2))),"",IF($W28="","",ROUND(($W28/$W$10)*$X$10,2))) | Y28: =IF($X28="","",ROUND($X28*$Y$10,2)) | Z28: =IF(ISERROR(IF($V28="","",ROUND(SUM($M28,$S28,$Y28),2))),"",IF($V28="","",ROUND(SUM($M28,$S28,$Y28),2))) | AA28: =IF(ISERROR(IF($V28="","",VLOOKUP(Z28,NewTransmu,4,TRUE))),"",IF($V28="","",VLOOKUP(Z28,NewTransmu,4,TRUE))) | AB28: =IF(ISERROR(IF(AA28="","",VLOOKUP(AA28,DESCRIPTORS,4,TRUE))),"",IF(AA28="","",VLOOKUP(AA28,DESCRIPTORS,4,TRUE))) | AV28: =(T28/$T$10)*100 -> 0 | AW28: =(U28/$U$10)*100 -> 0 | AX28: =(V28/$V$10)*100 -> 0
A29: 18 | B29: =INPUT!B29 -> 0 | K29: =IF(COUNT($F29:$J29)=0,"",SUM($F29:$J29)) | L29: =IF(ISERROR(IF($K29="","",ROUND(($K29/$K$10)*$L$10,2))),"",IF($K29="","",ROUND(($K29/$K$10)*$L$10,2))) | M29: =IF($L29="","",ROUND($L29*$M$10,2)) | Q29: =IF(COUNT($N29:$P29)=0,"",SUM($N29:$P29)) | R29: =IF(ISERROR(IF($Q29="","",ROUND(($Q29/$Q$10)*$R$10,2))),"",IF($Q29="","",ROUND(($Q29/$Q$10)*$R$10,2))) | S29: =IF($R29="","",ROUND($R29*$S$10,2)) | W29: =IF(COUNT($T29:$V29)=0,"",SUM($T29:$V29)) | X29: =IF(ISERROR(IF($W29="","",ROUND(($W29/$W$10)*$X$10,2))),"",IF($W29="","",ROUND(($W29/$W$10)*$X$10,2))) | Y29: =IF($X29="","",ROUND($X29*$Y$10,2)) | Z29: =IF(ISERROR(IF($V29="","",ROUND(SUM($M29,$S29,$Y29),2))),"",IF($V29="","",ROUND(SUM($M29,$S29,$Y29),2))) | AA29: =IF(ISERROR(IF($V29="","",VLOOKUP(Z29,NewTransmu,4,TRUE))),"",IF($V29="","",VLOOKUP(Z29,NewTransmu,4,TRUE))) | AB29: =IF(ISERROR(IF(AA29="","",VLOOKUP(AA29,DESCRIPTORS,4,TRUE))),"",IF(AA29="","",VLOOKUP(AA29,DESCRIPTORS,4,TRUE))) | AD29: OTHER INFO | AE29: ST1 | AF29: ST2 | AG29: TE | AV29: =(T29/$T$10)*100 -> 0 | AW29: =(U29/$U$10)*100 -> 0 | AX29: =(V29/$V$10)*100 -> 0
A30: 19 | B30: =INPUT!B30 -> 0 | K30: =IF(COUNT($F30:$J30)=0,"",SUM($F30:$J30)) | L30: =IF(ISERROR(IF($K30="","",ROUND(($K30/$K$10)*$L$10,2))),"",IF($K30="","",ROUND(($K30/$K$10)*$L$10,2))) | M30: =IF($L30="","",ROUND($L30*$M$10,2)) | Q30: =IF(COUNT($N30:$P30)=0,"",SUM($N30:$P30)) | R30: =IF(ISERROR(IF($Q30="","",ROUND(($Q30/$Q$10)*$R$10,2))),"",IF($Q30="","",ROUND(($Q30/$Q$10)*$R$10,2))) | S30: =IF($R30="","",ROUND($R30*$S$10,2)) | W30: =IF(COUNT($T30:$V30)=0,"",SUM($T30:$V30)) | X30: =IF(ISERROR(IF($W30="","",ROUND(($W30/$W$10)*$X$10,2))),"",IF($W30="","",ROUND(($W30/$W$10)*$X$10,2))) | Y30: =IF($X30="","",ROUND($X30*$Y$10,2)) | Z30: =IF(ISERROR(IF($V30="","",ROUND(SUM($M30,$S30,$Y30),2))),"",IF($V30="","",ROUND(SUM($M30,$S30,$Y30),2))) | AA30: =IF(ISERROR(IF($V30="","",VLOOKUP(Z30,NewTransmu,4,TRUE))),"",IF($V30="","",VLOOKUP(Z30,NewTransmu,4,TRUE))) | AB30: =IF(ISERROR(IF(AA30="","",VLOOKUP(AA30,DESCRIPTORS,4,TRUE))),"",IF(AA30="","",VLOOKUP(AA30,DESCRIPTORS,4,TRUE))) | AD30: Highest Score | AE30: =IF(COUNTA(T12:T112)=0,"",MAX(T12:T112)) -> 31 | AF30: =IF(COUNTA(U12:U112)=0,"",MAX(U12:U112)) -> 35 | AG30: =IF(COUNTA(V12:V112)=0,"",MAX(V12:V112)) -> 36 | AV30: =(T30/$T$10)*100 -> 0 | AW30: =(U30/$U$10)*100 -> 0 | AX30: =(V30/$V$10)*100 -> 0
A31: 20 | B31: =INPUT!B31 -> 0 | K31: =IF(COUNT($F31:$J31)=0,"",SUM($F31:$J31)) | L31: =IF(ISERROR(IF($K31="","",ROUND(($K31/$K$10)*$L$10,2))),"",IF($K31="","",ROUND(($K31/$K$10)*$L$10,2))) | M31: =IF($L31="","",ROUND($L31*$M$10,2)) | Q31: =IF(COUNT($N31:$P31)=0,"",SUM($N31:$P31)) | R31: =IF(ISERROR(IF($Q31="","",ROUND(($Q31/$Q$10)*$R$10,2))),"",IF($Q31="","",ROUND(($Q31/$Q$10)*$R$10,2))) | S31: =IF($R31="","",ROUND($R31*$S$10,2)) | W31: =IF(COUNT($T31:$V31)=0,"",SUM($T31:$V31)) | X31: =IF(ISERROR(IF($W31="","",ROUND(($W31/$W$10)*$X$10,2))),"",IF($W31="","",ROUND(($W31/$W$10)*$X$10,2))) | Y31: =IF($X31="","",ROUND($X31*$Y$10,2)) | Z31: =IF(ISERROR(IF($V31="","",ROUND(SUM($M31,$S31,$Y31),2))),"",IF($V31="","",ROUND(SUM($M31,$S31,$Y31),2))) | AA31: =IF(ISERROR(IF($V31="","",VLOOKUP(Z31,NewTransmu,4,TRUE))),"",IF($V31="","",VLOOKUP(Z31,NewTransmu,4,TRUE))) | AB31: =IF(ISERROR(IF(AA31="","",VLOOKUP(AA31,DESCRIPTORS,4,TRUE))),"",IF(AA31="","",VLOOKUP(AA31,DESCRIPTORS,4,TRUE))) | AD31: Lowest Score | AE31: =IF(COUNTA(T12:T112)=0,"",MIN(T12:T112)) -> 26 | AF31: =IF(COUNTA(U12:U112)=0,"",MIN(U12:U112)) -> 30 | AG31: =IF(COUNTA(V12:V112)=0,"",MIN(V12:V112)) -> 30 | AV31: =(T31/$T$10)*100 -> 0 | AW31: =(U31/$U$10)*100 -> 0 | AX31: =(V31/$V$10)*100 -> 0
A32: 21 | B32: =INPUT!B32 -> 0 | K32: =IF(COUNT($F32:$J32)=0,"",SUM($F32:$J32)) | L32: =IF(ISERROR(IF($K32="","",ROUND(($K32/$K$10)*$L$10,2))),"",IF($K32="","",ROUND(($K32/$K$10)*$L$10,2))) | M32: =IF($L32="","",ROUND($L32*$M$10,2)) | Q32: =IF(COUNT($N32:$P32)=0,"",SUM($N32:$P32)) | R32: =IF(ISERROR(IF($Q32="","",ROUND(($Q32/$Q$10)*$R$10,2))),"",IF($Q32="","",ROUND(($Q32/$Q$10)*$R$10,2))) | S32: =IF($R32="","",ROUND($R32*$S$10,2)) | W32: =IF(COUNT($T32:$V32)=0,"",SUM($T32:$V32)) | X32: =IF(ISERROR(IF($W32="","",ROUND(($W32/$W$10)*$X$10,2))),"",IF($W32="","",ROUND(($W32/$W$10)*$X$10,2))) | Y32: =IF($X32="","",ROUND($X32*$Y$10,2)) | Z32: =IF(ISERROR(IF($V32="","",ROUND(SUM($M32,$S32,$Y32),2))),"",IF($V32="","",ROUND(SUM($M32,$S32,$Y32),2))) | AA32: =IF(ISERROR(IF($V32="","",VLOOKUP(Z32,NewTransmu,4,TRUE))),"",IF($V32="","",VLOOKUP(Z32,NewTransmu,4,TRUE))) | AB32: =IF(ISERROR(IF(AA32="","",VLOOKUP(AA32,DESCRIPTORS,4,TRUE))),"",IF(AA32="","",VLOOKUP(AA32,DESCRIPTORS,4,TRUE))) | AD32: Total Score | AE32: =IF(COUNTA(T12:T112)=0,"",SUM(T12:T112)) -> 174 | AF32: =IF(COUNTA(U12:U112)=0,"",SUM(U12:U112)) -> 190 | AG32: =IF(COUNTA(V12:V112)=0,"",SUM(V12:V112)) -> 202 | AV32: =(T32/$T$10)*100 -> 0 | AW32: =(U32/$U$10)*100 -> 0 | AX32: =(V32/$V$10)*100 -> 0
A33: 22 | B33: =INPUT!B33 -> 0 | K33: =IF(COUNT($F33:$J33)=0,"",SUM($F33:$J33)) | L33: =IF(ISERROR(IF($K33="","",ROUND(($K33/$K$10)*$L$10,2))),"",IF($K33="","",ROUND(($K33/$K$10)*$L$10,2))) | M33: =IF($L33="","",ROUND($L33*$M$10,2)) | Q33: =IF(COUNT($N33:$P33)=0,"",SUM($N33:$P33)) | R33: =IF(ISERROR(IF($Q33="","",ROUND(($Q33/$Q$10)*$R$10,2))),"",IF($Q33="","",ROUND(($Q33/$Q$10)*$R$10,2))) | S33: =IF($R33="","",ROUND($R33*$S$10,2)) | W33: =IF(COUNT($T33:$V33)=0,"",SUM($T33:$V33)) | X33: =IF(ISERROR(IF($W33="","",ROUND(($W33/$W$10)*$X$10,2))),"",IF($W33="","",ROUND(($W33/$W$10)*$X$10,2))) | Y33: =IF($X33="","",ROUND($X33*$Y$10,2)) | Z33: =IF(ISERROR(IF($V33="","",ROUND(SUM($M33,$S33,$Y33),2))),"",IF($V33="","",ROUND(SUM($M33,$S33,$Y33),2))) | AA33: =IF(ISERROR(IF($V33="","",VLOOKUP(Z33,NewTransmu,4,TRUE))),"",IF($V33="","",VLOOKUP(Z33,NewTransmu,4,TRUE))) | AB33: =IF(ISERROR(IF(AA33="","",VLOOKUP(AA33,DESCRIPTORS,4,TRUE))),"",IF(AA33="","",VLOOKUP(AA33,DESCRIPTORS,4,TRUE))) | AV33: =(T33/$T$10)*100 -> 0 | AW33: =(U33/$U$10)*100 -> 0 | AX33: =(V33/$V$10)*100 -> 0
A34: 23 | B34: =INPUT!B34 -> 0 | K34: =IF(COUNT($F34:$J34)=0,"",SUM($F34:$J34)) | L34: =IF(ISERROR(IF($K34="","",ROUND(($K34/$K$10)*$L$10,2))),"",IF($K34="","",ROUND(($K34/$K$10)*$L$10,2))) | M34: =IF($L34="","",ROUND($L34*$M$10,2)) | Q34: =IF(COUNT($N34:$P34)=0,"",SUM($N34:$P34)) | R34: =IF(ISERROR(IF($Q34="","",ROUND(($Q34/$Q$10)*$R$10,2))),"",IF($Q34="","",ROUND(($Q34/$Q$10)*$R$10,2))) | S34: =IF($R34="","",ROUND($R34*$S$10,2)) | W34: =IF(COUNT($T34:$V34)=0,"",SUM($T34:$V34)) | X34: =IF(ISERROR(IF($W34="","",ROUND(($W34/$W$10)*$X$10,2))),"",IF($W34="","",ROUND(($W34/$W$10)*$X$10,2))) | Y34: =IF($X34="","",ROUND($X34*$Y$10,2)) | Z34: =IF(ISERROR(IF($V34="","",ROUND(SUM($M34,$S34,$Y34),2))),"",IF($V34="","",ROUND(SUM($M34,$S34,$Y34),2))) | AA34: =IF(ISERROR(IF($V34="","",VLOOKUP(Z34,NewTransmu,4,TRUE))),"",IF($V34="","",VLOOKUP(Z34,NewTransmu,4,TRUE))) | AB34: =IF(ISERROR(IF(AA34="","",VLOOKUP(AA34,DESCRIPTORS,4,TRUE))),"",IF(AA34="","",VLOOKUP(AA34,DESCRIPTORS,4,TRUE))) | AV34: =(T34/$T$10)*100 -> 0 | AW34: =(U34/$U$10)*100 -> 0 | AX34: =(V34/$V$10)*100 -> 0
A35: 24 | B35: =INPUT!B35 -> 0 | K35: =IF(COUNT($F35:$J35)=0,"",SUM($F35:$J35)) | L35: =IF(ISERROR(IF($K35="","",ROUND(($K35/$K$10)*$L$10,2))),"",IF($K35="","",ROUND(($K35/$K$10)*$L$10,2))) | M35: =IF($L35="","",ROUND($L35*$M$10,2)) | Q35: =IF(COUNT($N35:$P35)=0,"",SUM($N35:$P35)) | R35: =IF(ISERROR(IF($Q35="","",ROUND(($Q35/$Q$10)*$R$10,2))),"",IF($Q35="","",ROUND(($Q35/$Q$10)*$R$10,2))) | S35: =IF($R35="","",ROUND($R35*$S$10,2)) | W35: =IF(COUNT($T35:$V35)=0,"",SUM($T35:$V35)) | X35: =IF(ISERROR(IF($W35="","",ROUND(($W35/$W$10)*$X$10,2))),"",IF($W35="","",ROUND(($W35/$W$10)*$X$10,2))) | Y35: =IF($X35="","",ROUND($X35*$Y$10,2)) | Z35: =IF(ISERROR(IF($V35="","",ROUND(SUM($M35,$S35,$Y35),2))),"",IF($V35="","",ROUND(SUM($M35,$S35,$Y35),2))) | AA35: =IF(ISERROR(IF($V35="","",VLOOKUP(Z35,NewTransmu,4,TRUE))),"",IF($V35="","",VLOOKUP(Z35,NewTransmu,4,TRUE))) | AB35: =IF(ISERROR(IF(AA35="","",VLOOKUP(AA35,DESCRIPTORS,4,TRUE))),"",IF(AA35="","",VLOOKUP(AA35,DESCRIPTORS,4,TRUE))) | AV35: =(T35/$T$10)*100 -> 0 | AW35: =(U35/$U$10)*100 -> 0 | AX35: =(V35/$V$10)*100 -> 0
A36: 25 | B36: =INPUT!B36 -> 0 | K36: =IF(COUNT($F36:$J36)=0,"",SUM($F36:$J36)) | L36: =IF(ISERROR(IF($K36="","",ROUND(($K36/$K$10)*$L$10,2))),"",IF($K36="","",ROUND(($K36/$K$10)*$L$10,2))) | M36: =IF($L36="","",ROUND($L36*$M$10,2)) | Q36: =IF(COUNT($N36:$P36)=0,"",SUM($N36:$P36)) | R36: =IF(ISERROR(IF($Q36="","",ROUND(($Q36/$Q$10)*$R$10,2))),"",IF($Q36="","",ROUND(($Q36/$Q$10)*$R$10,2))) | S36: =IF($R36="","",ROUND($R36*$S$10,2)) | W36: =IF(COUNT($T36:$V36)=0,"",SUM($T36:$V36)) | X36: =IF(ISERROR(IF($W36="","",ROUND(($W36/$W$10)*$X$10,2))),"",IF($W36="","",ROUND(($W36/$W$10)*$X$10,2))) | Y36: =IF($X36="","",ROUND($X36*$Y$10,2)) | Z36: =IF(ISERROR(IF($V36="","",ROUND(SUM($M36,$S36,$Y36),2))),"",IF($V36="","",ROUND(SUM($M36,$S36,$Y36),2))) | AA36: =IF(ISERROR(IF($V36="","",VLOOKUP(Z36,NewTransmu,4,TRUE))),"",IF($V36="","",VLOOKUP(Z36,NewTransmu,4,TRUE))) | AB36: =IF(ISERROR(IF(AA36="","",VLOOKUP(AA36,DESCRIPTORS,4,TRUE))),"",IF(AA36="","",VLOOKUP(AA36,DESCRIPTORS,4,TRUE))) | AV36: =(T36/$T$10)*100 -> 0 | AW36: =(U36/$U$10)*100 -> 0 | AX36: =(V36/$V$10)*100 -> 0
A37: 26 | B37: =INPUT!B37 -> 0 | K37: =IF(COUNT($F37:$J37)=0,"",SUM($F37:$J37)) | L37: =IF(ISERROR(IF($K37="","",ROUND(($K37/$K$10)*$L$10,2))),"",IF($K37="","",ROUND(($K37/$K$10)*$L$10,2))) | M37: =IF($L37="","",ROUND($L37*$M$10,2)) | Q37: =IF(COUNT($N37:$P37)=0,"",SUM($N37:$P37)) | R37: =IF(ISERROR(IF($Q37="","",ROUND(($Q37/$Q$10)*$R$10,2))),"",IF($Q37="","",ROUND(($Q37/$Q$10)*$R$10,2))) | S37: =IF($R37="","",ROUND($R37*$S$10,2)) | W37: =IF(COUNT($T37:$V37)=0,"",SUM($T37:$V37)) | X37: =IF(ISERROR(IF($W37="","",ROUND(($W37/$W$10)*$X$10,2))),"",IF($W37="","",ROUND(($W37/$W$10)*$X$10,2))) | Y37: =IF($X37="","",ROUND($X37*$Y$10,2)) | Z37: =IF(ISERROR(IF($V37="","",ROUND(SUM($M37,$S37,$Y37),2))),"",IF($V37="","",ROUND(SUM($M37,$S37,$Y37),2))) | AA37: =IF(ISERROR(IF($V37="","",VLOOKUP(Z37,NewTransmu,4,TRUE))),"",IF($V37="","",VLOOKUP(Z37,NewTransmu,4,TRUE))) | AB37: =IF(ISERROR(IF(AA37="","",VLOOKUP(AA37,DESCRIPTORS,4,TRUE))),"",IF(AA37="","",VLOOKUP(AA37,DESCRIPTORS,4,TRUE))) | AV37: =(T37/$T$10)*100 -> 0 | AW37: =(U37/$U$10)*100 -> 0 | AX37: =(V37/$V$10)*100 -> 0
A38: 27 | B38: =INPUT!B38 -> 0 | K38: =IF(COUNT($F38:$J38)=0,"",SUM($F38:$J38)) | L38: =IF(ISERROR(IF($K38="","",ROUND(($K38/$K$10)*$L$10,2))),"",IF($K38="","",ROUND(($K38/$K$10)*$L$10,2))) | M38: =IF($L38="","",ROUND($L38*$M$10,2)) | Q38: =IF(COUNT($N38:$P38)=0,"",SUM($N38:$P38)) | R38: =IF(ISERROR(IF($Q38="","",ROUND(($Q38/$Q$10)*$R$10,2))),"",IF($Q38="","",ROUND(($Q38/$Q$10)*$R$10,2))) | S38: =IF($R38="","",ROUND($R38*$S$10,2)) | W38: =IF(COUNT($T38:$V38)=0,"",SUM($T38:$V38)) | X38: =IF(ISERROR(IF($W38="","",ROUND(($W38/$W$10)*$X$10,2))),"",IF($W38="","",ROUND(($W38/$W$10)*$X$10,2))) | Y38: =IF($X38="","",ROUND($X38*$Y$10,2)) | Z38: =IF(ISERROR(IF($V38="","",ROUND(SUM($M38,$S38,$Y38),2))),"",IF($V38="","",ROUND(SUM($M38,$S38,$Y38),2))) | AA38: =IF(ISERROR(IF($V38="","",VLOOKUP(Z38,NewTransmu,4,TRUE))),"",IF($V38="","",VLOOKUP(Z38,NewTransmu,4,TRUE))) | AB38: =IF(ISERROR(IF(AA38="","",VLOOKUP(AA38,DESCRIPTORS,4,TRUE))),"",IF(AA38="","",VLOOKUP(AA38,DESCRIPTORS,4,TRUE))) | AV38: =(T38/$T$10)*100 -> 0 | AW38: =(U38/$U$10)*100 -> 0 | AX38: =(V38/$V$10)*100 -> 0
A39: 28 | B39: =INPUT!B39 -> 0 | K39: =IF(COUNT($F39:$J39)=0,"",SUM($F39:$J39)) | L39: =IF(ISERROR(IF($K39="","",ROUND(($K39/$K$10)*$L$10,2))),"",IF($K39="","",ROUND(($K39/$K$10)*$L$10,2))) | M39: =IF($L39="","",ROUND($L39*$M$10,2)) | Q39: =IF(COUNT($N39:$P39)=0,"",SUM($N39:$P39)) | R39: =IF(ISERROR(IF($Q39="","",ROUND(($Q39/$Q$10)*$R$10,2))),"",IF($Q39="","",ROUND(($Q39/$Q$10)*$R$10,2))) | S39: =IF($R39="","",ROUND($R39*$S$10,2)) | W39: =IF(COUNT($T39:$V39)=0,"",SUM($T39:$V39)) | X39: =IF(ISERROR(IF($W39="","",ROUND(($W39/$W$10)*$X$10,2))),"",IF($W39="","",ROUND(($W39/$W$10)*$X$10,2))) | Y39: =IF($X39="","",ROUND($X39*$Y$10,2)) | Z39: =IF(ISERROR(IF($V39="","",ROUND(SUM($M39,$S39,$Y39),2))),"",IF($V39="","",ROUND(SUM($M39,$S39,$Y39),2))) | AA39: =IF(ISERROR(IF($V39="","",VLOOKUP(Z39,NewTransmu,4,TRUE))),"",IF($V39="","",VLOOKUP(Z39,NewTransmu,4,TRUE))) | AB39: =IF(ISERROR(IF(AA39="","",VLOOKUP(AA39,DESCRIPTORS,4,TRUE))),"",IF(AA39="","",VLOOKUP(AA39,DESCRIPTORS,4,TRUE))) | AV39: =(T39/$T$10)*100 -> 0 | AW39: =(U39/$U$10)*100 -> 0 | AX39: =(V39/$V$10)*100 -> 0
A40: 29 | B40: =INPUT!B40 -> 0 | K40: =IF(COUNT($F40:$J40)=0,"",SUM($F40:$J40)) | L40: =IF(ISERROR(IF($K40="","",ROUND(($K40/$K$10)*$L$10,2))),"",IF($K40="","",ROUND(($K40/$K$10)*$L$10,2))) | M40: =IF($L40="","",ROUND($L40*$M$10,2)) | Q40: =IF(COUNT($N40:$P40)=0,"",SUM($N40:$P40)) | R40: =IF(ISERROR(IF($Q40="","",ROUND(($Q40/$Q$10)*$R$10,2))),"",IF($Q40="","",ROUND(($Q40/$Q$10)*$R$10,2))) | S40: =IF($R40="","",ROUND($R40*$S$10,2)) | W40: =IF(COUNT($T40:$V40)=0,"",SUM($T40:$V40)) | X40: =IF(ISERROR(IF($W40="","",ROUND(($W40/$W$10)*$X$10,2))),"",IF($W40="","",ROUND(($W40/$W$10)*$X$10,2))) | Y40: =IF($X40="","",ROUND($X40*$Y$10,2)) | Z40: =IF(ISERROR(IF($V40="","",ROUND(SUM($M40,$S40,$Y40),2))),"",IF($V40="","",ROUND(SUM($M40,$S40,$Y40),2))) | AA40: =IF(ISERROR(IF($V40="","",VLOOKUP(Z40,NewTransmu,4,TRUE))),"",IF($V40="","",VLOOKUP(Z40,NewTransmu,4,TRUE))) | AB40: =IF(ISERROR(IF(AA40="","",VLOOKUP(AA40,DESCRIPTORS,4,TRUE))),"",IF(AA40="","",VLOOKUP(AA40,DESCRIPTORS,4,TRUE))) | AV40: =(T40/$T$10)*100 -> 0 | AW40: =(U40/$U$10)*100 -> 0 | AX40: =(V40/$V$10)*100 -> 0
A41: 30 | B41: =INPUT!B41 -> 0 | K41: =IF(COUNT($F41:$J41)=0,"",SUM($F41:$J41)) | L41: =IF(ISERROR(IF($K41="","",ROUND(($K41/$K$10)*$L$10,2))),"",IF($K41="","",ROUND(($K41/$K$10)*$L$10,2))) | M41: =IF($L41="","",ROUND($L41*$M$10,2)) | Q41: =IF(COUNT($N41:$P41)=0,"",SUM($N41:$P41)) | R41: =IF(ISERROR(IF($Q41="","",ROUND(($Q41/$Q$10)*$R$10,2))),"",IF($Q41="","",ROUND(($Q41/$Q$10)*$R$10,2))) | S41: =IF($R41="","",ROUND($R41*$S$10,2)) | W41: =IF(COUNT($T41:$V41)=0,"",SUM($T41:$V41)) | X41: =IF(ISERROR(IF($W41="","",ROUND(($W41/$W$10)*$X$10,2))),"",IF($W41="","",ROUND(($W41/$W$10)*$X$10,2))) | Y41: =IF($X41="","",ROUND($X41*$Y$10,2)) | Z41: =IF(ISERROR(IF($V41="","",ROUND(SUM($M41,$S41,$Y41),2))),"",IF($V41="","",ROUND(SUM($M41,$S41,$Y41),2))) | AA41: =IF(ISERROR(IF($V41="","",VLOOKUP(Z41,NewTransmu,4,TRUE))),"",IF($V41="","",VLOOKUP(Z41,NewTransmu,4,TRUE))) | AB41: =IF(ISERROR(IF(AA41="","",VLOOKUP(AA41,DESCRIPTORS,4,TRUE))),"",IF(AA41="","",VLOOKUP(AA41,DESCRIPTORS,4,TRUE))) | AV41: =(T41/$T$10)*100 -> 0 | AW41: =(U41/$U$10)*100 -> 0 | AX41: =(V41/$V$10)*100 -> 0
A42: 31 | B42: =INPUT!B42 -> 0 | K42: =IF(COUNT($F42:$J42)=0,"",SUM($F42:$J42)) | L42: =IF(ISERROR(IF($K42="","",ROUND(($K42/$K$10)*$L$10,2))),"",IF($K42="","",ROUND(($K42/$K$10)*$L$10,2))) | M42: =IF($L42="","",ROUND($L42*$M$10,2)) | Q42: =IF(COUNT($N42:$P42)=0,"",SUM($N42:$P42)) | R42: =IF(ISERROR(IF($Q42="","",ROUND(($Q42/$Q$10)*$R$10,2))),"",IF($Q42="","",ROUND(($Q42/$Q$10)*$R$10,2))) | S42: =IF($R42="","",ROUND($R42*$S$10,2)) | W42: =IF(COUNT($T42:$V42)=0,"",SUM($T42:$V42)) | X42: =IF(ISERROR(IF($W42="","",ROUND(($W42/$W$10)*$X$10,2))),"",IF($W42="","",ROUND(($W42/$W$10)*$X$10,2))) | Y42: =IF($X42="","",ROUND($X42*$Y$10,2)) | Z42: =IF(ISERROR(IF($V42="","",ROUND(SUM($M42,$S42,$Y42),2))),"",IF($V42="","",ROUND(SUM($M42,$S42,$Y42),2))) | AA42: =IF(ISERROR(IF($V42="","",VLOOKUP(Z42,NewTransmu,4,TRUE))),"",IF($V42="","",VLOOKUP(Z42,NewTransmu,4,TRUE))) | AB42: =IF(ISERROR(IF(AA42="","",VLOOKUP(AA42,DESCRIPTORS,4,TRUE))),"",IF(AA42="","",VLOOKUP(AA42,DESCRIPTORS,4,TRUE))) | AV42: =(T42/$T$10)*100 -> 0 | AW42: =(U42/$U$10)*100 -> 0 | AX42: =(V42/$V$10)*100 -> 0
A43: 32 | B43: =INPUT!B43 -> 0 | K43: =IF(COUNT($F43:$J43)=0,"",SUM($F43:$J43)) | L43: =IF(ISERROR(IF($K43="","",ROUND(($K43/$K$10)*$L$10,2))),"",IF($K43="","",ROUND(($K43/$K$10)*$L$10,2))) | M43: =IF($L43="","",ROUND($L43*$M$10,2)) | Q43: =IF(COUNT($N43:$P43)=0,"",SUM($N43:$P43)) | R43: =IF(ISERROR(IF($Q43="","",ROUND(($Q43/$Q$10)*$R$10,2))),"",IF($Q43="","",ROUND(($Q43/$Q$10)*$R$10,2))) | S43: =IF($R43="","",ROUND($R43*$S$10,2)) | W43: =IF(COUNT($T43:$V43)=0,"",SUM($T43:$V43)) | X43: =IF(ISERROR(IF($W43="","",ROUND(($W43/$W$10)*$X$10,2))),"",IF($W43="","",ROUND(($W43/$W$10)*$X$10,2))) | Y43: =IF($X43="","",ROUND($X43*$Y$10,2)) | Z43: =IF(ISERROR(IF($V43="","",ROUND(SUM($M43,$S43,$Y43),2))),"",IF($V43="","",ROUND(SUM($M43,$S43,$Y43),2))) | AA43: =IF(ISERROR(IF($V43="","",VLOOKUP(Z43,NewTransmu,4,TRUE))),"",IF($V43="","",VLOOKUP(Z43,NewTransmu,4,TRUE))) | AB43: =IF(ISERROR(IF(AA43="","",VLOOKUP(AA43,DESCRIPTORS,4,TRUE))),"",IF(AA43="","",VLOOKUP(AA43,DESCRIPTORS,4,TRUE))) | AV43: =(T43/$T$10)*100 -> 0 | AW43: =(U43/$U$10)*100 -> 0 | AX43: =(V43/$V$10)*100 -> 0
A44: 33 | B44: =INPUT!B44 -> 0 | K44: =IF(COUNT($F44:$J44)=0,"",SUM($F44:$J44)) | L44: =IF(ISERROR(IF($K44="","",ROUND(($K44/$K$10)*$L$10,2))),"",IF($K44="","",ROUND(($K44/$K$10)*$L$10,2))) | M44: =IF($L44="","",ROUND($L44*$M$10,2)) | Q44: =IF(COUNT($N44:$P44)=0,"",SUM($N44:$P44)) | R44: =IF(ISERROR(IF($Q44="","",ROUND(($Q44/$Q$10)*$R$10,2))),"",IF($Q44="","",ROUND(($Q44/$Q$10)*$R$10,2))) | S44: =IF($R44="","",ROUND($R44*$S$10,2)) | W44: =IF(COUNT($T44:$V44)=0,"",SUM($T44:$V44)) | X44: =IF(ISERROR(IF($W44="","",ROUND(($W44/$W$10)*$X$10,2))),"",IF($W44="","",ROUND(($W44/$W$10)*$X$10,2))) | Y44: =IF($X44="","",ROUND($X44*$Y$10,2)) | Z44: =IF(ISERROR(IF($V44="","",ROUND(SUM($M44,$S44,$Y44),2))),"",IF($V44="","",ROUND(SUM($M44,$S44,$Y44),2))) | AA44: =IF(ISERROR(IF($V44="","",VLOOKUP(Z44,NewTransmu,4,TRUE))),"",IF($V44="","",VLOOKUP(Z44,NewTransmu,4,TRUE))) | AB44: =IF(ISERROR(IF(AA44="","",VLOOKUP(AA44,DESCRIPTORS,4,TRUE))),"",IF(AA44="","",VLOOKUP(AA44,DESCRIPTORS,4,TRUE))) | AV44: =(T44/$T$10)*100 -> 0 | AW44: =(U44/$U$10)*100 -> 0 | AX44: =(V44/$V$10)*100 -> 0
... A61: 50 | B61: =INPUT!B61 -> 0 | K61: =IF(COUNT($F61:$J61)=0,"",SUM($F61:$J61)) | L61: =IF(ISERROR(IF($K61="","",ROUND(($K61/$K$10)*$L$10,2))),"",IF($K61="","",ROUND(($K61/$K$10)*$L$10,2))) | M61: =IF($L61="","",ROUND($L61*$M$10,2)) | Q61: =IF(COUNT($N61:$P61)=0,"",SUM($N61:$P61)) | R61: =IF(ISERROR(IF($Q61="","",ROUND(($Q61/$Q$10)*$R$10,2))),"",IF($Q61="","",ROUND(($Q61/$Q$10)*$R$10,2))) | S61: =IF($R61="","",ROUND($R61*$S$10,2)) | W61: =IF(COUNT($T61:$V61)=0,"",SUM($T61:$V61)) | X61: =IF(ISERROR(IF($W61="","",ROUND(($W61/$W$10)*$X$10,2))),"",IF($W61="","",ROUND(($W61/$W$10)*$X$10,2))) | Y61: =IF($X61="","",ROUND($X61*$Y$10,2)) | Z61: =IF(ISERROR(IF($V61="","",ROUND(SUM($M61,$S61,$Y61),2))),"",IF($V61="","",ROUND(SUM($M61,$S61,$Y61),2))) | AA61: =IF(ISERROR(IF($V61="","",VLOOKUP(Z61,NewTransmu,4,TRUE))),"",IF($V61="","",VLOOKUP(Z61,NewTransmu,4,TRUE))) | AB61: =IF(ISERROR(IF(AA61="","",VLOOKUP(AA61,DESCRIPTORS,4,TRUE))),"",IF(AA61="","",VLOOKUP(AA61,DESCRIPTORS,4,TRUE))) | AV61: =(T61/$T$10)*100 -> 0 | AW61: =(U61/$U$10)*100 -> 0 | AX61: =(V61/$V$10)*100 -> 0
B62: FEMALE | AV62: =(T62/$T$10)*100 -> 0 | AW62: =(U62/$U$10)*100 -> 0 | AX62: =(V62/$V$10)*100 -> 0
A63: 1 | B63: =INPUT!B63 -> Alcantara, Angela | F63: 9 | G63: 15 | K63: =IF(COUNT($F63:$J63)=0,"",SUM($F63:$J63)) -> 24 | L63: =IF(ISERROR(IF($K63="","",ROUND(($K63/$K$10)*$L$10,2))),"",IF($K63="","",ROUND(($K63/$K$10)*$L$10,2))) -> 68.57 | M63: =IF($L63="","",ROUND($L63*$M$10,2)) -> 13.71 | N63: 30 | O63: 85 | P63: 63 | Q63: =IF(COUNT($N63:$P63)=0,"",SUM($N63:$P63)) -> 178 | R63: =IF(ISERROR(IF($Q63="","",ROUND(($Q63/$Q$10)*$R$10,2))),"",IF($Q63="","",ROUND(($Q63/$Q$10)*$R$10,2))) -> 84.76 | S63: =IF($R63="","",ROUND($R63*$S$10,2)) -> 42.38 | T63: 26 | U63: 35 | V63: 36 | W63: =IF(COUNT($T63:$V63)=0,"",SUM($T63:$V63)) -> 97 | X63: =IF(ISERROR(IF($W63="","",ROUND(($W63/$W$10)*$X$10,2))),"",IF($W63="","",ROUND(($W63/$W$10)*$X$10,2))) -> 80.83 | Y63: =IF($X63="","",ROUND($X63*$Y$10,2)) -> 24.25 | Z63: =IF(ISERROR(IF($V63="","",ROUND(SUM($M63,$S63,$Y63),2))),"",IF($V63="","",ROUND(SUM($M63,$S63,$Y63),2))) -> 80.34 | AA63: =IF(ISERROR(IF($V63="","",VLOOKUP(Z63,NewTransmu,4,TRUE))),"",IF($V63="","",VLOOKUP(Z63,NewTransmu,4,TRUE))) -> 82 | AB63: =IF(ISERROR(IF(AA63="","",VLOOKUP(AA63,DESCRIPTORS,4,TRUE))),"",IF(AA63="","",VLOOKUP(AA63,DESCRIPTORS,4,TRUE))) -> Benchmarking | AV63: =(T63/$T$10)*100 -> 65 | AW63: =(U63/$U$10)*100 -> 87.5 | AX63: =(V63/$V$10)*100 -> 90
A64: 2 | B64: =INPUT!B64 -> Bonifacio, Bea | F64: 8 | G64: 14 | K64: =IF(COUNT($F64:$J64)=0,"",SUM($F64:$J64)) -> 22 | L64: =IF(ISERROR(IF($K64="","",ROUND(($K64/$K$10)*$L$10,2))),"",IF($K64="","",ROUND(($K64/$K$10)*$L$10,2))) -> 62.86 | M64: =IF($L64="","",ROUND($L64*$M$10,2)) -> 12.57 | N64: 31 | O64: 85 | P64: 65 | Q64: =IF(COUNT($N64:$P64)=0,"",SUM($N64:$P64)) -> 181 | R64: =IF(ISERROR(IF($Q64="","",ROUND(($Q64/$Q$10)*$R$10,2))),"",IF($Q64="","",ROUND(($Q64/$Q$10)*$R$10,2))) -> 86.19 | S64: =IF($R64="","",ROUND($R64*$S$10,2)) -> 43.1 | T64: 31 | U64: 30 | V64: 35 | W64: =IF(COUNT($T64:$V64)=0,"",SUM($T64:$V64)) -> 96 | X64: =IF(ISERROR(IF($W64="","",ROUND(($W64/$W$10)*$X$10,2))),"",IF($W64="","",ROUND(($W64/$W$10)*$X$10,2))) -> 80 | Y64: =IF($X64="","",ROUND($X64*$Y$10,2)) -> 24 | Z64: =IF(ISERROR(IF($V64="","",ROUND(SUM($M64,$S64,$Y64),2))),"",IF($V64="","",ROUND(SUM($M64,$S64,$Y64),2))) -> 79.67 | AA64: =IF(ISERROR(IF($V64="","",VLOOKUP(Z64,NewTransmu,4,TRUE))),"",IF($V64="","",VLOOKUP(Z64,NewTransmu,4,TRUE))) -> 81 | AB64: =IF(ISERROR(IF(AA64="","",VLOOKUP(AA64,DESCRIPTORS,4,TRUE))),"",IF(AA64="","",VLOOKUP(AA64,DESCRIPTORS,4,TRUE))) -> Benchmarking | AV64: =(T64/$T$10)*100 -> 77.5 | AW64: =(U64/$U$10)*100 -> 75 | AX64: =(V64/$V$10)*100 -> 87.5
A65: 3 | B65: =INPUT!B65 -> Cruz, Claire | F65: 7 | G65: 13 | K65: =IF(COUNT($F65:$J65)=0,"",SUM($F65:$J65)) -> 20 | L65: =IF(ISERROR(IF($K65="","",ROUND(($K65/$K$10)*$L$10,2))),"",IF($K65="","",ROUND(($K65/$K$10)*$L$10,2))) -> 57.14 | M65: =IF($L65="","",ROUND($L65*$M$10,2)) -> 11.43 | N65: 32 | O65: 80 | P65: 60 | Q65: =IF(COUNT($N65:$P65)=0,"",SUM($N65:$P65)) -> 172 | R65: =IF(ISERROR(IF($Q65="","",ROUND(($Q65/$Q$10)*$R$10,2))),"",IF($Q65="","",ROUND(($Q65/$Q$10)*$R$10,2))) -> 81.9 | S65: =IF($R65="","",ROUND($R65*$S$10,2)) -> 40.95 | T65: 30 | U65: 30 | V65: 30 | W65: =IF(COUNT($T65:$V65)=0,"",SUM($T65:$V65)) -> 90 | X65: =IF(ISERROR(IF($W65="","",ROUND(($W65/$W$10)*$X$10,2))),"",IF($W65="","",ROUND(($W65/$W$10)*$X$10,2))) -> 75 | Y65: =IF($X65="","",ROUND($X65*$Y$10,2)) -> 22.5 | Z65: =IF(ISERROR(IF($V65="","",ROUND(SUM($M65,$S65,$Y65),2))),"",IF($V65="","",ROUND(SUM($M65,$S65,$Y65),2))) -> 74.88 | AA65: =IF(ISERROR(IF($V65="","",VLOOKUP(Z65,NewTransmu,4,TRUE))),"",IF($V65="","",VLOOKUP(Z65,NewTransmu,4,TRUE))) -> 76 | AB65: =IF(ISERROR(IF(AA65="","",VLOOKUP(AA65,DESCRIPTORS,4,TRUE))),"",IF(AA65="","",VLOOKUP(AA65,DESCRIPTORS,4,TRUE))) -> Connecting | AV65: =(T65/$T$10)*100 -> 75 | AW65: =(U65/$U$10)*100 -> 75 | AX65: =(V65/$V$10)*100 -> 75
A66: 4 | B66: =INPUT!B66 -> 0 | K66: =IF(COUNT($F66:$J66)=0,"",SUM($F66:$J66)) | L66: =IF(ISERROR(IF($K66="","",ROUND(($K66/$K$10)*$L$10,2))),"",IF($K66="","",ROUND(($K66/$K$10)*$L$10,2))) | M66: =IF($L66="","",ROUND($L66*$M$10,2)) | Q66: =IF(COUNT($N66:$P66)=0,"",SUM($N66:$P66)) | R66: =IF(ISERROR(IF($Q66="","",ROUND(($Q66/$Q$10)*$R$10,2))),"",IF($Q66="","",ROUND(($Q66/$Q$10)*$R$10,2))) | S66: =IF($R66="","",ROUND($R66*$S$10,2)) | W66: =IF(COUNT($T66:$V66)=0,"",SUM($T66:$V66)) | X66: =IF(ISERROR(IF($W66="","",ROUND(($W66/$W$10)*$X$10,2))),"",IF($W66="","",ROUND(($W66/$W$10)*$X$10,2))) | Y66: =IF($X66="","",ROUND($X66*$Y$10,2)) | Z66: =IF(ISERROR(IF($V66="","",ROUND(SUM($M66,$S66,$Y66),2))),"",IF($V66="","",ROUND(SUM($M66,$S66,$Y66),2))) | AA66: =IF(ISERROR(IF($V66="","",VLOOKUP(Z66,NewTransmu,4,TRUE))),"",IF($V66="","",VLOOKUP(Z66,NewTransmu,4,TRUE))) | AB66: =IF(ISERROR(IF(AA66="","",VLOOKUP(AA66,DESCRIPTORS,4,TRUE))),"",IF(AA66="","",VLOOKUP(AA66,DESCRIPTORS,4,TRUE))) | AV66: =(T66/$T$10)*100 -> 0 | AW66: =(U66/$U$10)*100 -> 0 | AX66: =(V66/$V$10)*100 -> 0
A67: 5 | B67: =INPUT!B67 -> 0 | K67: =IF(COUNT($F67:$J67)=0,"",SUM($F67:$J67)) | L67: =IF(ISERROR(IF($K67="","",ROUND(($K67/$K$10)*$L$10,2))),"",IF($K67="","",ROUND(($K67/$K$10)*$L$10,2))) | M67: =IF($L67="","",ROUND($L67*$M$10,2)) | Q67: =IF(COUNT($N67:$P67)=0,"",SUM($N67:$P67)) | R67: =IF(ISERROR(IF($Q67="","",ROUND(($Q67/$Q$10)*$R$10,2))),"",IF($Q67="","",ROUND(($Q67/$Q$10)*$R$10,2))) | S67: =IF($R67="","",ROUND($R67*$S$10,2)) | W67: =IF(COUNT($T67:$V67)=0,"",SUM($T67:$V67)) | X67: =IF(ISERROR(IF($W67="","",ROUND(($W67/$W$10)*$X$10,2))),"",IF($W67="","",ROUND(($W67/$W$10)*$X$10,2))) | Y67: =IF($X67="","",ROUND($X67*$Y$10,2)) | Z67: =IF(ISERROR(IF($V67="","",ROUND(SUM($M67,$S67,$Y67),2))),"",IF($V67="","",ROUND(SUM($M67,$S67,$Y67),2))) | AA67: =IF(ISERROR(IF($V67="","",VLOOKUP(Z67,NewTransmu,4,TRUE))),"",IF($V67="","",VLOOKUP(Z67,NewTransmu,4,TRUE))) | AB67: =IF(ISERROR(IF(AA67="","",VLOOKUP(AA67,DESCRIPTORS,4,TRUE))),"",IF(AA67="","",VLOOKUP(AA67,DESCRIPTORS,4,TRUE))) | AV67: =(T67/$T$10)*100 -> 0 | AW67: =(U67/$U$10)*100 -> 0 | AX67: =(V67/$V$10)*100 -> 0
A68: 6 | B68: =INPUT!B68 -> 0 | K68: =IF(COUNT($F68:$J68)=0,"",SUM($F68:$J68)) | L68: =IF(ISERROR(IF($K68="","",ROUND(($K68/$K$10)*$L$10,2))),"",IF($K68="","",ROUND(($K68/$K$10)*$L$10,2))) | M68: =IF($L68="","",ROUND($L68*$M$10,2)) | Q68: =IF(COUNT($N68:$P68)=0,"",SUM($N68:$P68)) | R68: =IF(ISERROR(IF($Q68="","",ROUND(($Q68/$Q$10)*$R$10,2))),"",IF($Q68="","",ROUND(($Q68/$Q$10)*$R$10,2))) | S68: =IF($R68="","",ROUND($R68*$S$10,2)) | W68: =IF(COUNT($T68:$V68)=0,"",SUM($T68:$V68)) | X68: =IF(ISERROR(IF($W68="","",ROUND(($W68/$W$10)*$X$10,2))),"",IF($W68="","",ROUND(($W68/$W$10)*$X$10,2))) | Y68: =IF($X68="","",ROUND($X68*$Y$10,2)) | Z68: =IF(ISERROR(IF($V68="","",ROUND(SUM($M68,$S68,$Y68),2))),"",IF($V68="","",ROUND(SUM($M68,$S68,$Y68),2))) | AA68: =IF(ISERROR(IF($V68="","",VLOOKUP(Z68,NewTransmu,4,TRUE))),"",IF($V68="","",VLOOKUP(Z68,NewTransmu,4,TRUE))) | AB68: =IF(ISERROR(IF(AA68="","",VLOOKUP(AA68,DESCRIPTORS,4,TRUE))),"",IF(AA68="","",VLOOKUP(AA68,DESCRIPTORS,4,TRUE))) | AV68: =(T68/$T$10)*100 -> 0 | AW68: =(U68/$U$10)*100 -> 0 | AX68: =(V68/$V$10)*100 -> 0
A69: 7 | B69: =INPUT!B69 -> 0 | K69: =IF(COUNT($F69:$J69)=0,"",SUM($F69:$J69)) | L69: =IF(ISERROR(IF($K69="","",ROUND(($K69/$K$10)*$L$10,2))),"",IF($K69="","",ROUND(($K69/$K$10)*$L$10,2))) | M69: =IF($L69="","",ROUND($L69*$M$10,2)) | Q69: =IF(COUNT($N69:$P69)=0,"",SUM($N69:$P69)) | R69: =IF(ISERROR(IF($Q69="","",ROUND(($Q69/$Q$10)*$R$10,2))),"",IF($Q69="","",ROUND(($Q69/$Q$10)*$R$10,2))) | S69: =IF($R69="","",ROUND($R69*$S$10,2)) | W69: =IF(COUNT($T69:$V69)=0,"",SUM($T69:$V69)) | X69: =IF(ISERROR(IF($W69="","",ROUND(($W69/$W$10)*$X$10,2))),"",IF($W69="","",ROUND(($W69/$W$10)*$X$10,2))) | Y69: =IF($X69="","",ROUND($X69*$Y$10,2)) | Z69: =IF(ISERROR(IF($V69="","",ROUND(SUM($M69,$S69,$Y69),2))),"",IF($V69="","",ROUND(SUM($M69,$S69,$Y69),2))) | AA69: =IF(ISERROR(IF($V69="","",VLOOKUP(Z69,NewTransmu,4,TRUE))),"",IF($V69="","",VLOOKUP(Z69,NewTransmu,4,TRUE))) | AB69: =IF(ISERROR(IF(AA69="","",VLOOKUP(AA69,DESCRIPTORS,4,TRUE))),"",IF(AA69="","",VLOOKUP(AA69,DESCRIPTORS,4,TRUE))) | AV69: =(T69/$T$10)*100 -> 0 | AW69: =(U69/$U$10)*100 -> 0 | AX69: =(V69/$V$10)*100 -> 0
A70: 8 | B70: =INPUT!B70 -> 0 | K70: =IF(COUNT($F70:$J70)=0,"",SUM($F70:$J70)) | L70: =IF(ISERROR(IF($K70="","",ROUND(($K70/$K$10)*$L$10,2))),"",IF($K70="","",ROUND(($K70/$K$10)*$L$10,2))) | M70: =IF($L70="","",ROUND($L70*$M$10,2)) | Q70: =IF(COUNT($N70:$P70)=0,"",SUM($N70:$P70)) | R70: =IF(ISERROR(IF($Q70="","",ROUND(($Q70/$Q$10)*$R$10,2))),"",IF($Q70="","",ROUND(($Q70/$Q$10)*$R$10,2))) | S70: =IF($R70="","",ROUND($R70*$S$10,2)) | W70: =IF(COUNT($T70:$V70)=0,"",SUM($T70:$V70)) | X70: =IF(ISERROR(IF($W70="","",ROUND(($W70/$W$10)*$X$10,2))),"",IF($W70="","",ROUND(($W70/$W$10)*$X$10,2))) | Y70: =IF($X70="","",ROUND($X70*$Y$10,2)) | Z70: =IF(ISERROR(IF($V70="","",ROUND(SUM($M70,$S70,$Y70),2))),"",IF($V70="","",ROUND(SUM($M70,$S70,$Y70),2))) | AA70: =IF(ISERROR(IF($V70="","",VLOOKUP(Z70,NewTransmu,4,TRUE))),"",IF($V70="","",VLOOKUP(Z70,NewTransmu,4,TRUE))) | AB70: =IF(ISERROR(IF(AA70="","",VLOOKUP(AA70,DESCRIPTORS,4,TRUE))),"",IF(AA70="","",VLOOKUP(AA70,DESCRIPTORS,4,TRUE))) | AV70: =(T70/$T$10)*100 -> 0 | AW70: =(U70/$U$10)*100 -> 0 | AX70: =(V70/$V$10)*100 -> 0
A71: 9 | B71: =INPUT!B71 -> 0 | K71: =IF(COUNT($F71:$J71)=0,"",SUM($F71:$J71)) | L71: =IF(ISERROR(IF($K71="","",ROUND(($K71/$K$10)*$L$10,2))),"",IF($K71="","",ROUND(($K71/$K$10)*$L$10,2))) | M71: =IF($L71="","",ROUND($L71*$M$10,2)) | Q71: =IF(COUNT($N71:$P71)=0,"",SUM($N71:$P71)) | R71: =IF(ISERROR(IF($Q71="","",ROUND(($Q71/$Q$10)*$R$10,2))),"",IF($Q71="","",ROUND(($Q71/$Q$10)*$R$10,2))) | S71: =IF($R71="","",ROUND($R71*$S$10,2)) | W71: =IF(COUNT($T71:$V71)=0,"",SUM($T71:$V71)) | X71: =IF(ISERROR(IF($W71="","",ROUND(($W71/$W$10)*$X$10,2))),"",IF($W71="","",ROUND(($W71/$W$10)*$X$10,2))) | Y71: =IF($X71="","",ROUND($X71*$Y$10,2)) | Z71: =IF(ISERROR(IF($V71="","",ROUND(SUM($M71,$S71,$Y71),2))),"",IF($V71="","",ROUND(SUM($M71,$S71,$Y71),2))) | AA71: =IF(ISERROR(IF($V71="","",VLOOKUP(Z71,NewTransmu,4,TRUE))),"",IF($V71="","",VLOOKUP(Z71,NewTransmu,4,TRUE))) | AB71: =IF(ISERROR(IF(AA71="","",VLOOKUP(AA71,DESCRIPTORS,4,TRUE))),"",IF(AA71="","",VLOOKUP(AA71,DESCRIPTORS,4,TRUE))) | AV71: =(T71/$T$10)*100 -> 0 | AW71: =(U71/$U$10)*100 -> 0 | AX71: =(V71/$V$10)*100 -> 0
A72: 10 | B72: =INPUT!B72 -> 0 | K72: =IF(COUNT($F72:$J72)=0,"",SUM($F72:$J72)) | L72: =IF(ISERROR(IF($K72="","",ROUND(($K72/$K$10)*$L$10,2))),"",IF($K72="","",ROUND(($K72/$K$10)*$L$10,2))) | M72: =IF($L72="","",ROUND($L72*$M$10,2)) | Q72: =IF(COUNT($N72:$P72)=0,"",SUM($N72:$P72)) | R72: =IF(ISERROR(IF($Q72="","",ROUND(($Q72/$Q$10)*$R$10,2))),"",IF($Q72="","",ROUND(($Q72/$Q$10)*$R$10,2))) | S72: =IF($R72="","",ROUND($R72*$S$10,2)) | W72: =IF(COUNT($T72:$V72)=0,"",SUM($T72:$V72)) | X72: =IF(ISERROR(IF($W72="","",ROUND(($W72/$W$10)*$X$10,2))),"",IF($W72="","",ROUND(($W72/$W$10)*$X$10,2))) | Y72: =IF($X72="","",ROUND($X72*$Y$10,2)) | Z72: =IF(ISERROR(IF($V72="","",ROUND(SUM($M72,$S72,$Y72),2))),"",IF($V72="","",ROUND(SUM($M72,$S72,$Y72),2))) | AA72: =IF(ISERROR(IF($V72="","",VLOOKUP(Z72,NewTransmu,4,TRUE))),"",IF($V72="","",VLOOKUP(Z72,NewTransmu,4,TRUE))) | AB72: =IF(ISERROR(IF(AA72="","",VLOOKUP(AA72,DESCRIPTORS,4,TRUE))),"",IF(AA72="","",VLOOKUP(AA72,DESCRIPTORS,4,TRUE))) | AV72: =(T72/$T$10)*100 -> 0 | AW72: =(U72/$U$10)*100 -> 0 | AX72: =(V72/$V$10)*100 -> 0
A73: 11 | B73: =INPUT!B73 -> 0 | K73: =IF(COUNT($F73:$J73)=0,"",SUM($F73:$J73)) | L73: =IF(ISERROR(IF($K73="","",ROUND(($K73/$K$10)*$L$10,2))),"",IF($K73="","",ROUND(($K73/$K$10)*$L$10,2))) | M73: =IF($L73="","",ROUND($L73*$M$10,2)) | Q73: =IF(COUNT($N73:$P73)=0,"",SUM($N73:$P73)) | R73: =IF(ISERROR(IF($Q73="","",ROUND(($Q73/$Q$10)*$R$10,2))),"",IF($Q73="","",ROUND(($Q73/$Q$10)*$R$10,2))) | S73: =IF($R73="","",ROUND($R73*$S$10,2)) | W73: =IF(COUNT($T73:$V73)=0,"",SUM($T73:$V73)) | X73: =IF(ISERROR(IF($W73="","",ROUND(($W73/$W$10)*$X$10,2))),"",IF($W73="","",ROUND(($W73/$W$10)*$X$10,2))) | Y73: =IF($X73="","",ROUND($X73*$Y$10,2)) | Z73: =IF(ISERROR(IF($V73="","",ROUND(SUM($M73,$S73,$Y73),2))),"",IF($V73="","",ROUND(SUM($M73,$S73,$Y73),2))) | AA73: =IF(ISERROR(IF($V73="","",VLOOKUP(Z73,NewTransmu,4,TRUE))),"",IF($V73="","",VLOOKUP(Z73,NewTransmu,4,TRUE))) | AB73: =IF(ISERROR(IF(AA73="","",VLOOKUP(AA73,DESCRIPTORS,4,TRUE))),"",IF(AA73="","",VLOOKUP(AA73,DESCRIPTORS,4,TRUE))) | AV73: =(T73/$T$10)*100 -> 0 | AW73: =(U73/$U$10)*100 -> 0 | AX73: =(V73/$V$10)*100 -> 0
A74: 12 | B74: =INPUT!B74 -> 0 | K74: =IF(COUNT($F74:$J74)=0,"",SUM($F74:$J74)) | L74: =IF(ISERROR(IF($K74="","",ROUND(($K74/$K$10)*$L$10,2))),"",IF($K74="","",ROUND(($K74/$K$10)*$L$10,2))) | M74: =IF($L74="","",ROUND($L74*$M$10,2)) | Q74: =IF(COUNT($N74:$P74)=0,"",SUM($N74:$P74)) | R74: =IF(ISERROR(IF($Q74="","",ROUND(($Q74/$Q$10)*$R$10,2))),"",IF($Q74="","",ROUND(($Q74/$Q$10)*$R$10,2))) | S74: =IF($R74="","",ROUND($R74*$S$10,2)) | W74: =IF(COUNT($T74:$V74)=0,"",SUM($T74:$V74)) | X74: =IF(ISERROR(IF($W74="","",ROUND(($W74/$W$10)*$X$10,2))),"",IF($W74="","",ROUND(($W74/$W$10)*$X$10,2))) | Y74: =IF($X74="","",ROUND($X74*$Y$10,2)) | Z74: =IF(ISERROR(IF($V74="","",ROUND(SUM($M74,$S74,$Y74),2))),"",IF($V74="","",ROUND(SUM($M74,$S74,$Y74),2))) | AA74: =IF(ISERROR(IF($V74="","",VLOOKUP(Z74,NewTransmu,4,TRUE))),"",IF($V74="","",VLOOKUP(Z74,NewTransmu,4,TRUE))) | AB74: =IF(ISERROR(IF(AA74="","",VLOOKUP(AA74,DESCRIPTORS,4,TRUE))),"",IF(AA74="","",VLOOKUP(AA74,DESCRIPTORS,4,TRUE))) | AV74: =(T74/$T$10)*100 -> 0 | AW74: =(U74/$U$10)*100 -> 0 | AX74: =(V74/$V$10)*100 -> 0
A75: 13 | B75: =INPUT!B75 -> 0 | K75: =IF(COUNT($F75:$J75)=0,"",SUM($F75:$J75)) | L75: =IF(ISERROR(IF($K75="","",ROUND(($K75/$K$10)*$L$10,2))),"",IF($K75="","",ROUND(($K75/$K$10)*$L$10,2))) | M75: =IF($L75="","",ROUND($L75*$M$10,2)) | Q75: =IF(COUNT($N75:$P75)=0,"",SUM($N75:$P75)) | R75: =IF(ISERROR(IF($Q75="","",ROUND(($Q75/$Q$10)*$R$10,2))),"",IF($Q75="","",ROUND(($Q75/$Q$10)*$R$10,2))) | S75: =IF($R75="","",ROUND($R75*$S$10,2)) | W75: =IF(COUNT($T75:$V75)=0,"",SUM($T75:$V75)) | X75: =IF(ISERROR(IF($W75="","",ROUND(($W75/$W$10)*$X$10,2))),"",IF($W75="","",ROUND(($W75/$W$10)*$X$10,2))) | Y75: =IF($X75="","",ROUND($X75*$Y$10,2)) | Z75: =IF(ISERROR(IF($V75="","",ROUND(SUM($M75,$S75,$Y75),2))),"",IF($V75="","",ROUND(SUM($M75,$S75,$Y75),2))) | AA75: =IF(ISERROR(IF($V75="","",VLOOKUP(Z75,NewTransmu,4,TRUE))),"",IF($V75="","",VLOOKUP(Z75,NewTransmu,4,TRUE))) | AB75: =IF(ISERROR(IF(AA75="","",VLOOKUP(AA75,DESCRIPTORS,4,TRUE))),"",IF(AA75="","",VLOOKUP(AA75,DESCRIPTORS,4,TRUE))) | AV75: =(T75/$T$10)*100 -> 0 | AW75: =(U75/$U$10)*100 -> 0 | AX75: =(V75/$V$10)*100 -> 0
A76: 14 | B76: =INPUT!B76 -> 0 | K76: =IF(COUNT($F76:$J76)=0,"",SUM($F76:$J76)) | L76: =IF(ISERROR(IF($K76="","",ROUND(($K76/$K$10)*$L$10,2))),"",IF($K76="","",ROUND(($K76/$K$10)*$L$10,2))) | M76: =IF($L76="","",ROUND($L76*$M$10,2)) | Q76: =IF(COUNT($N76:$P76)=0,"",SUM($N76:$P76)) | R76: =IF(ISERROR(IF($Q76="","",ROUND(($Q76/$Q$10)*$R$10,2))),"",IF($Q76="","",ROUND(($Q76/$Q$10)*$R$10,2))) | S76: =IF($R76="","",ROUND($R76*$S$10,2)) | W76: =IF(COUNT($T76:$V76)=0,"",SUM($T76:$V76)) | X76: =IF(ISERROR(IF($W76="","",ROUND(($W76/$W$10)*$X$10,2))),"",IF($W76="","",ROUND(($W76/$W$10)*$X$10,2))) | Y76: =IF($X76="","",ROUND($X76*$Y$10,2)) | Z76: =IF(ISERROR(IF($V76="","",ROUND(SUM($M76,$S76,$Y76),2))),"",IF($V76="","",ROUND(SUM($M76,$S76,$Y76),2))) | AA76: =IF(ISERROR(IF($V76="","",VLOOKUP(Z76,NewTransmu,4,TRUE))),"",IF($V76="","",VLOOKUP(Z76,NewTransmu,4,TRUE))) | AB76: =IF(ISERROR(IF(AA76="","",VLOOKUP(AA76,DESCRIPTORS,4,TRUE))),"",IF(AA76="","",VLOOKUP(AA76,DESCRIPTORS,4,TRUE))) | AV76: =(T76/$T$10)*100 -> 0 | AW76: =(U76/$U$10)*100 -> 0 | AX76: =(V76/$V$10)*100 -> 0
A77: 15 | B77: =INPUT!B77 -> 0 | K77: =IF(COUNT($F77:$J77)=0,"",SUM($F77:$J77)) | L77: =IF(ISERROR(IF($K77="","",ROUND(($K77/$K$10)*$L$10,2))),"",IF($K77="","",ROUND(($K77/$K$10)*$L$10,2))) | M77: =IF($L77="","",ROUND($L77*$M$10,2)) | Q77: =IF(COUNT($N77:$P77)=0,"",SUM($N77:$P77)) | R77: =IF(ISERROR(IF($Q77="","",ROUND(($Q77/$Q$10)*$R$10,2))),"",IF($Q77="","",ROUND(($Q77/$Q$10)*$R$10,2))) | S77: =IF($R77="","",ROUND($R77*$S$10,2)) | W77: =IF(COUNT($T77:$V77)=0,"",SUM($T77:$V77)) | X77: =IF(ISERROR(IF($W77="","",ROUND(($W77/$W$10)*$X$10,2))),"",IF($W77="","",ROUND(($W77/$W$10)*$X$10,2))) | Y77: =IF($X77="","",ROUND($X77*$Y$10,2)) | Z77: =IF(ISERROR(IF($V77="","",ROUND(SUM($M77,$S77,$Y77),2))),"",IF($V77="","",ROUND(SUM($M77,$S77,$Y77),2))) | AA77: =IF(ISERROR(IF($V77="","",VLOOKUP(Z77,NewTransmu,4,TRUE))),"",IF($V77="","",VLOOKUP(Z77,NewTransmu,4,TRUE))) | AB77: =IF(ISERROR(IF(AA77="","",VLOOKUP(AA77,DESCRIPTORS,4,TRUE))),"",IF(AA77="","",VLOOKUP(AA77,DESCRIPTORS,4,TRUE))) | AV77: =(T77/$T$10)*100 -> 0 | AW77: =(U77/$U$10)*100 -> 0 | AX77: =(V77/$V$10)*100 -> 0
... A112: 50 | B112: =INPUT!B112 -> 0 | K112: =IF(COUNT($F112:$J112)=0,"",SUM($F112:$J112)) | L112: =IF(ISERROR(IF($K112="","",ROUND(($K112/$K$10)*$L$10,2))),"",IF($K112="","",ROUND(($K112/$K$10)*$L$10,2))) | M112: =IF($L112="","",ROUND($L112*$M$10,2)) | Q112: =IF(COUNT($N112:$P112)=0,"",SUM($N112:$P112)) | R112: =IF(ISERROR(IF($Q112="","",ROUND(($Q112/$Q$10)*$R$10,2))),"",IF($Q112="","",ROUND(($Q112/$Q$10)*$R$10,2))) | S112: =IF($R112="","",ROUND($R112*$S$10,2)) | W112: =IF(COUNT($T112:$V112)=0,"",SUM($T112:$V112)) | X112: =IF(ISERROR(IF($W112="","",ROUND(($W112/$W$10)*$X$10,2))),"",IF($W112="","",ROUND(($W112/$W$10)*$X$10,2))) | Y112: =IF($X112="","",ROUND($X112*$Y$10,2)) | Z112: =IF(ISERROR(IF($V112="","",ROUND(SUM($M112,$S112,$Y112),2))),"",IF($V112="","",ROUND(SUM($M112,$S112,$Y112),2))) | AA112: =IF(ISERROR(IF($V112="","",VLOOKUP(Z112,NewTransmu,4,TRUE))),"",IF($V112="","",VLOOKUP(Z112,NewTransmu,4,TRUE))) | AB112: =IF(ISERROR(IF(AA112="","",VLOOKUP(AA112,DESCRIPTORS,4,TRUE))),"",IF(AA112="","",VLOOKUP(AA112,DESCRIPTORS,4,TRUE))) | AV112: =(T112/$T$10)*100 -> 0 | AW112: =(U112/$U$10)*100 -> 0 | AX112: =(V112/$V$10)*100 -> 0

Sheet TERM3
A1: Class Record
B4: REGION | G4: =INPUT!G4 -> 0 | I4: DIVISION | L4: =INPUT!L4 -> 0
B5: SCHOOL NAME | G5: =INPUT!G5 -> 0 | Q5: SCHOOL ID | S5: =INPUT!S5 -> 0 | V5: SCHOOL YEAR | Z5: =INPUT!Y5 -> 0
A7: TERM 3 | F7: GRADE & SECTION: | J7: =INPUT!J7 -> 0 | N7: TEACHER: | Q7: =INPUT!Q7 -> 0 | X7: SUBJECT: | Z7: =INPUT!Y7 -> Science
B8: LEARNERS' NAMES | F8: WRITTEN / ORAL WORKS (20%) | N8: PRODUCT / PERFORMANCE TASKS (50%) | T8: SUMMATIVE TESTS AND TERM EXAMINATIONS (30%) | Z8: Initial Grade | AA8: Term Grade | AB8: Descriptior
F9: 1 | G9: 2 | H9: 3 | I9: 4 | J9: 5 | K9: Total | L9: PS | M9: WS | N9: 1 | O9: 2 | P9: 3 | Q9: Total | R9: PS | S9: WS | T9: ST1 | U9: ST2 | V9: TE | W9: Total | X9: PS | Y9: WS
B10: HIGHEST POSSIBLE SCORE | F10: 10 | G10: 10 | H10: 10 | K10: =IF(COUNT($F10:$J10)=0,"",SUM($F10:$J10)) -> 30 | L10: 100 | M10: 0.2 | N10: 50 | O10: 100 | Q10: =IF(COUNT($N10:$P10)=0,"",SUM($N10:$P10)) -> 150 | R10: 100 | S10: 0.5 | T10: 30 | U10: 30 | V10: 40 | W10: {=IF(COUNT($T10:$V10=0),"",SUM($T10:$V10))} -> 100 | X10: 100 | Y10: 0.3
B11: MALE | AD11: TEST/EXAM RESULT ANALYSIS | AV11: ST1 | AW11: ST2 | AX11: TE
A12: 1 | B12: =INPUT!B12 -> Alvarez, Neitan | F12: 10 | G12: 9 | H12: 8 | K12: =IF(COUNT($F12:$J12)=0,"",SUM($F12:$J12)) -> 27 | L12: =IF(ISERROR(IF($K12="","",ROUND(($K12/$K$10)*$L$10,2))),"",IF($K12="","",ROUND(($K12/$K$10)*$L$10,2))) -> 90 | M12: =IF($L12="","",ROUND($L12*$M$10,2)) -> 18 | N12: 40 | O12: 90 | Q12: =IF(COUNT($N12:$P12)=0,"",SUM($N12:$P12)) -> 130 | R12: =IF(ISERROR(IF($Q12="","",ROUND(($Q12/$Q$10)*$R$10,2))),"",IF($Q12="","",ROUND(($Q12/$Q$10)*$R$10,2))) -> 86.67 | S12: =IF($R12="","",ROUND($R12*$S$10,2)) -> 43.34 | T12: 27 | U12: 28 | V12: 29 | W12: =IF(COUNT($T12:$V12)=0,"",SUM($T12:$V12)) -> 84 | X12: =IF(ISERROR(IF($W12="","",ROUND(($W12/$W$10)*$X$10,2))),"",IF($W12="","",ROUND(($W12/$W$10)*$X$10,2))) -> 84 | Y12: =IF($X12="","",ROUND($X12*$Y$10,2)) -> 25.2 | Z12: =IF(ISERROR(IF($W12="","",ROUND(SUM($M12,$S12,$Y12),2))),"",IF($W12="","",ROUND(SUM($M12,$S12,$Y12),2))) -> 86.54 | AA12: =IF(ISERROR(IF($W12="","",VLOOKUP(Z12,NewTransmu,4,TRUE))),"",IF($W12="","",VLOOKUP(Z12,NewTransmu,4,TRUE))) -> 88 | AB12: =IF(ISERROR(IF(AA12="","",VLOOKUP(AA12,DESCRIPTORS,4,TRUE))),"",IF(AA12="","",VLOOKUP(AA12,DESCRIPTORS,4,TRUE))) -> Benchmarking | AV12: =(T12/$T$10)*100 -> 90 | AW12: =(U12/$U$10)*100 -> 93.333333 | AX12: =(V12/$V$10)*100 -> 72.5
A13: 2 | B13: =INPUT!B13 -> Bautista, Mark | F13: 8 | G13: 7 | H13: 6 | K13: =IF(COUNT($F13:$J13)=0,"",SUM($F13:$J13)) -> 21 | L13: =IF(ISERROR(IF($K13="","",ROUND(($K13/$K$10)*$L$10,2))),"",IF($K13="","",ROUND(($K13/$K$10)*$L$10,2))) -> 70 | M13: =IF($L13="","",ROUND($L13*$M$10,2)) -> 14 | N13: 35 | O13: 85 | Q13: =IF(COUNT($N13:$P13)=0,"",SUM($N13:$P13)) -> 120 | R13: =IF(ISERROR(IF($Q13="","",ROUND(($Q13/$Q$10)*$R$10,2))),"",IF($Q13="","",ROUND(($Q13/$Q$10)*$R$10,2))) -> 80 | S13: =IF($R13="","",ROUND($R13*$S$10,2)) -> 40 | T13: 28 | U13: 28 | V13: 30 | W13: =IF(COUNT($T13:$V13)=0,"",SUM($T13:$V13)) -> 86 | X13: =IF(ISERROR(IF($W13="","",ROUND(($W13/$W$10)*$X$10,2))),"",IF($W13="","",ROUND(($W13/$W$10)*$X$10,2))) -> 86 | Y13: =IF($X13="","",ROUND($X13*$Y$10,2)) -> 25.8 | Z13: =IF(ISERROR(IF($V13="","",ROUND(SUM($M13,$S13,$Y13),2))),"",IF($V13="","",ROUND(SUM($M13,$S13,$Y13),2))) -> 79.8 | AA13: =IF(ISERROR(IF($V13="","",VLOOKUP(Z13,NewTransmu,4,TRUE))),"",IF($V13="","",VLOOKUP(Z13,NewTransmu,4,TRUE))) -> 81 | AB13: =IF(ISERROR(IF(AA13="","",VLOOKUP(AA13,DESCRIPTORS,4,TRUE))),"",IF(AA13="","",VLOOKUP(AA13,DESCRIPTORS,4,TRUE))) -> Benchmarking | AE13: ST1 | AF13: ST2 | AG13: TE | AV13: =(T13/$T$10)*100 -> 93.333333 | AW13: =(U13/$U$10)*100 -> 93.333333 | AX13: =(V13/$V$10)*100 -> 75
A14: 3 | B14: =INPUT!B14 -> Castro, Daniel | F14: 9 | G14: 5 | H14: 5 | K14: =IF(COUNT($F14:$J14)=0,"",SUM($F14:$J14)) -> 19 | L14: =IF(ISERROR(IF($K14="","",ROUND(($K14/$K$10)*$L$10,2))),"",IF($K14="","",ROUND(($K14/$K$10)*$L$10,2))) -> 63.33 | M14: =IF($L14="","",ROUND($L14*$M$10,2)) -> 12.67 | N14: 46 | O14: 92 | Q14: =IF(COUNT($N14:$P14)=0,"",SUM($N14:$P14)) -> 138 | R14: =IF(ISERROR(IF($Q14="","",ROUND(($Q14/$Q$10)*$R$10,2))),"",IF($Q14="","",ROUND(($Q14/$Q$10)*$R$10,2))) -> 92 | S14: =IF($R14="","",ROUND($R14*$S$10,2)) -> 46 | T14: 26 | U14: 25 | V14: 34 | W14: =IF(COUNT($T14:$V14)=0,"",SUM($T14:$V14)) -> 85 | X14: =IF(ISERROR(IF($W14="","",ROUND(($W14/$W$10)*$X$10,2))),"",IF($W14="","",ROUND(($W14/$W$10)*$X$10,2))) -> 85 | Y14: =IF($X14="","",ROUND($X14*$Y$10,2)) -> 25.5 | Z14: =IF(ISERROR(IF($V14="","",ROUND(SUM($M14,$S14,$Y14),2))),"",IF($V14="","",ROUND(SUM($M14,$S14,$Y14),2))) -> 84.17 | AA14: =IF(ISERROR(IF($V14="","",VLOOKUP(Z14,NewTransmu,4,TRUE))),"",IF($V14="","",VLOOKUP(Z14,NewTransmu,4,TRUE))) -> 86 | AB14: =IF(ISERROR(IF(AA14="","",VLOOKUP(AA14,DESCRIPTORS,4,TRUE))),"",IF(AA14="","",VLOOKUP(AA14,DESCRIPTORS,4,TRUE))) -> Benchmarking | AD14: Number of Examinees: | AE14: =COUNTA(T12:T112) -> 6 | AF14: =COUNTA(U12:U112) -> 6 | AG14: =COUNTA(V12:V112) -> 6 | AV14: =(T14/$T$10)*100 -> 86.666667 | AW14: =(U14/$U$10)*100 -> 83.333333 | AX14: =(V14/$V$10)*100 -> 85
A15: 4 | B15: =INPUT!B15 -> 0 | K15: =IF(COUNT($F15:$J15)=0,"",SUM($F15:$J15)) | L15: =IF(ISERROR(IF($K15="","",ROUND(($K15/$K$10)*$L$10,2))),"",IF($K15="","",ROUND(($K15/$K$10)*$L$10,2))) | M15: =IF($L15="","",ROUND($L15*$M$10,2)) | Q15: =IF(COUNT($N15:$P15)=0,"",SUM($N15:$P15)) | R15: =IF(ISERROR(IF($Q15="","",ROUND(($Q15/$Q$10)*$R$10,2))),"",IF($Q15="","",ROUND(($Q15/$Q$10)*$R$10,2))) | S15: =IF($R15="","",ROUND($R15*$S$10,2)) | W15: =IF(COUNT($T15:$V15)=0,"",SUM($T15:$V15)) | X15: =IF(ISERROR(IF($W15="","",ROUND(($W15/$W$10)*$X$10,2))),"",IF($W15="","",ROUND(($W15/$W$10)*$X$10,2))) | Y15: =IF($X15="","",ROUND($X15*$Y$10,2)) | Z15: =IF(ISERROR(IF($V15="","",ROUND(SUM($M15,$S15,$Y15),2))),"",IF($V15="","",ROUND(SUM($M15,$S15,$Y15),2))) | AA15: =IF(ISERROR(IF($V15="","",VLOOKUP(Z15,NewTransmu,4,TRUE))),"",IF($V15="","",VLOOKUP(Z15,NewTransmu,4,TRUE))) | AB15: =IF(ISERROR(IF(AA15="","",VLOOKUP(AA15,DESCRIPTORS,4,TRUE))),"",IF(AA15="","",VLOOKUP(AA15,DESCRIPTORS,4,TRUE))) | AD15: Highest Possible Score: | AE15: =T10 -> 30 | AF15: =U10 -> 30 | AG15: =V10 -> 40 | AV15: =(T15/$T$10)*100 -> 0 | AW15: =(U15/$U$10)*100 -> 0 | AX15: =(V15/$V$10)*100 -> 0
A16: 5 | B16: =INPUT!B16 -> 0 | K16: =IF(COUNT($F16:$J16)=0,"",SUM($F16:$J16)) | L16: =IF(ISERROR(IF($K16="","",ROUND(($K16/$K$10)*$L$10,2))),"",IF($K16="","",ROUND(($K16/$K$10)*$L$10,2))) | M16: =IF($L16="","",ROUND($L16*$M$10,2)) | Q16: =IF(COUNT($N16:$P16)=0,"",SUM($N16:$P16)) | R16: =IF(ISERROR(IF($Q16="","",ROUND(($Q16/$Q$10)*$R$10,2))),"",IF($Q16="","",ROUND(($Q16/$Q$10)*$R$10,2))) | S16: =IF($R16="","",ROUND($R16*$S$10,2)) | W16: =IF(COUNT($T16:$V16)=0,"",SUM($T16:$V16)) | X16: =IF(ISERROR(IF($W16="","",ROUND(($W16/$W$10)*$X$10,2))),"",IF($W16="","",ROUND(($W16/$W$10)*$X$10,2))) | Y16: =IF($X16="","",ROUND($X16*$Y$10,2)) | Z16: =IF(ISERROR(IF($V16="","",ROUND(SUM($M16,$S16,$Y16),2))),"",IF($V16="","",ROUND(SUM($M16,$S16,$Y16),2))) | AA16: =IF(ISERROR(IF($V16="","",VLOOKUP(Z16,NewTransmu,4,TRUE))),"",IF($V16="","",VLOOKUP(Z16,NewTransmu,4,TRUE))) | AB16: =IF(ISERROR(IF(AA16="","",VLOOKUP(AA16,DESCRIPTORS,4,TRUE))),"",IF(AA16="","",VLOOKUP(AA16,DESCRIPTORS,4,TRUE))) | AV16: =(T16/$T$10)*100 -> 0 | AW16: =(U16/$U$10)*100 -> 0 | AX16: =(V16/$V$10)*100 -> 0
A17: 6 | B17: =INPUT!B17 -> 0 | K17: =IF(COUNT($F17:$J17)=0,"",SUM($F17:$J17)) | L17: =IF(ISERROR(IF($K17="","",ROUND(($K17/$K$10)*$L$10,2))),"",IF($K17="","",ROUND(($K17/$K$10)*$L$10,2))) | M17: =IF($L17="","",ROUND($L17*$M$10,2)) | Q17: =IF(COUNT($N17:$P17)=0,"",SUM($N17:$P17)) | R17: =IF(ISERROR(IF($Q17="","",ROUND(($Q17/$Q$10)*$R$10,2))),"",IF($Q17="","",ROUND(($Q17/$Q$10)*$R$10,2))) | S17: =IF($R17="","",ROUND($R17*$S$10,2)) | W17: =IF(COUNT($T17:$V17)=0,"",SUM($T17:$V17)) | X17: =IF(ISERROR(IF($W17="","",ROUND(($W17/$W$10)*$X$10,2))),"",IF($W17="","",ROUND(($W17/$W$10)*$X$10,2))) | Y17: =IF($X17="","",ROUND($X17*$Y$10,2)) | Z17: =IF(ISERROR(IF($V17="","",ROUND(SUM($M17,$S17,$Y17),2))),"",IF($V17="","",ROUND(SUM($M17,$S17,$Y17),2))) | AA17: =IF(ISERROR(IF($V17="","",VLOOKUP(Z17,NewTransmu,4,TRUE))),"",IF($V17="","",VLOOKUP(Z17,NewTransmu,4,TRUE))) | AB17: =IF(ISERROR(IF(AA17="","",VLOOKUP(AA17,DESCRIPTORS,4,TRUE))),"",IF(AA17="","",VLOOKUP(AA17,DESCRIPTORS,4,TRUE))) | AD17: CRITERION-REFERENCED | AE17: ST1 | AF17: ST2 | AG17: TE | AV17: =(T17/$T$10)*100 -> 0 | AW17: =(U17/$U$10)*100 -> 0 | AX17: =(V17/$V$10)*100 -> 0
A18: 7 | B18: =INPUT!B18 -> 0 | K18: =IF(COUNT($F18:$J18)=0,"",SUM($F18:$J18)) | L18: =IF(ISERROR(IF($K18="","",ROUND(($K18/$K$10)*$L$10,2))),"",IF($K18="","",ROUND(($K18/$K$10)*$L$10,2))) | M18: =IF($L18="","",ROUND($L18*$M$10,2)) | Q18: =IF(COUNT($N18:$P18)=0,"",SUM($N18:$P18)) | R18: =IF(ISERROR(IF($Q18="","",ROUND(($Q18/$Q$10)*$R$10,2))),"",IF($Q18="","",ROUND(($Q18/$Q$10)*$R$10,2))) | S18: =IF($R18="","",ROUND($R18*$S$10,2)) | W18: =IF(COUNT($T18:$V18)=0,"",SUM($T18:$V18)) | X18: =IF(ISERROR(IF($W18="","",ROUND(($W18/$W$10)*$X$10,2))),"",IF($W18="","",ROUND(($W18/$W$10)*$X$10,2))) | Y18: =IF($X18="","",ROUND($X18*$Y$10,2)) | Z18: =IF(ISERROR(IF($V18="","",ROUND(SUM($M18,$S18,$Y18),2))),"",IF($V18="","",ROUND(SUM($M18,$S18,$Y18),2))) | AA18: =IF(ISERROR(IF($V18="","",VLOOKUP(Z18,NewTransmu,4,TRUE))),"",IF($V18="","",VLOOKUP(Z18,NewTransmu,4,TRUE))) | AB18: =IF(ISERROR(IF(AA18="","",VLOOKUP(AA18,DESCRIPTORS,4,TRUE))),"",IF(AA18="","",VLOOKUP(AA18,DESCRIPTORS,4,TRUE))) | AD18: Got 75% & above | AE18: =COUNTIF(AV12:AV112,">=75") -> 6 | AF18: =COUNTIF(AW12:AW112,">=75") -> 6 | AG18: =COUNTIF(AX12:AX112,">=75") -> 3 | AV18: =(T18/$T$10)*100 -> 0 | AW18: =(U18/$U$10)*100 -> 0 | AX18: =(V18/$V$10)*100 -> 0
A19: 8 | B19: =INPUT!B19 -> 0 | K19: =IF(COUNT($F19:$J19)=0,"",SUM($F19:$J19)) | L19: =IF(ISERROR(IF($K19="","",ROUND(($K19/$K$10)*$L$10,2))),"",IF($K19="","",ROUND(($K19/$K$10)*$L$10,2))) | M19: =IF($L19="","",ROUND($L19*$M$10,2)) | Q19: =IF(COUNT($N19:$P19)=0,"",SUM($N19:$P19)) | R19: =IF(ISERROR(IF($Q19="","",ROUND(($Q19/$Q$10)*$R$10,2))),"",IF($Q19="","",ROUND(($Q19/$Q$10)*$R$10,2))) | S19: =IF($R19="","",ROUND($R19*$S$10,2)) | W19: =IF(COUNT($T19:$V19)=0,"",SUM($T19:$V19)) | X19: =IF(ISERROR(IF($W19="","",ROUND(($W19/$W$10)*$X$10,2))),"",IF($W19="","",ROUND(($W19/$W$10)*$X$10,2))) | Y19: =IF($X19="","",ROUND($X19*$Y$10,2)) | Z19: =IF(ISERROR(IF($V19="","",ROUND(SUM($M19,$S19,$Y19),2))),"",IF($V19="","",ROUND(SUM($M19,$S19,$Y19),2))) | AA19: =IF(ISERROR(IF($V19="","",VLOOKUP(Z19,NewTransmu,4,TRUE))),"",IF($V19="","",VLOOKUP(Z19,NewTransmu,4,TRUE))) | AB19: =IF(ISERROR(IF(AA19="","",VLOOKUP(AA19,DESCRIPTORS,4,TRUE))),"",IF(AA19="","",VLOOKUP(AA19,DESCRIPTORS,4,TRUE))) | AD19: Percentage | AE19: =IFERROR(AE18/AE14,"") -> 1 | AF19: =IFERROR(AF18/AF14,"") -> 1 | AG19: =IFERROR(AG18/AG14,"") -> 0.5 | AV19: =(T19/$T$10)*100 -> 0 | AW19: =(U19/$U$10)*100 -> 0 | AX19: =(V19/$V$10)*100 -> 0
A20: 9 | B20: =INPUT!B20 -> 0 | K20: =IF(COUNT($F20:$J20)=0,"",SUM($F20:$J20)) | L20: =IF(ISERROR(IF($K20="","",ROUND(($K20/$K$10)*$L$10,2))),"",IF($K20="","",ROUND(($K20/$K$10)*$L$10,2))) | M20: =IF($L20="","",ROUND($L20*$M$10,2)) | Q20: =IF(COUNT($N20:$P20)=0,"",SUM($N20:$P20)) | R20: =IF(ISERROR(IF($Q20="","",ROUND(($Q20/$Q$10)*$R$10,2))),"",IF($Q20="","",ROUND(($Q20/$Q$10)*$R$10,2))) | S20: =IF($R20="","",ROUND($R20*$S$10,2)) | W20: =IF(COUNT($T20:$V20)=0,"",SUM($T20:$V20)) | X20: =IF(ISERROR(IF($W20="","",ROUND(($W20/$W$10)*$X$10,2))),"",IF($W20="","",ROUND(($W20/$W$10)*$X$10,2))) | Y20: =IF($X20="","",ROUND($X20*$Y$10,2)) | Z20: =IF(ISERROR(IF($V20="","",ROUND(SUM($M20,$S20,$Y20),2))),"",IF($V20="","",ROUND(SUM($M20,$S20,$Y20),2))) | AA20: =IF(ISERROR(IF($V20="","",VLOOKUP(Z20,NewTransmu,4,TRUE))),"",IF($V20="","",VLOOKUP(Z20,NewTransmu,4,TRUE))) | AB20: =IF(ISERROR(IF(AA20="","",VLOOKUP(AA20,DESCRIPTORS,4,TRUE))),"",IF(AA20="","",VLOOKUP(AA20,DESCRIPTORS,4,TRUE))) | AD20: Got below 75% | AE20: =AE14-AE18 -> 0 | AF20: =AF14-AF18 -> 0 | AG20: =AG14-AG18 -> 3 | AV20: =(T20/$T$10)*100 -> 0 | AW20: =(U20/$U$10)*100 -> 0 | AX20: =(V20/$V$10)*100 -> 0
A21: 10 | B21: =INPUT!B21 -> 0 | K21: =IF(COUNT($F21:$J21)=0,"",SUM($F21:$J21)) | L21: =IF(ISERROR(IF($K21="","",ROUND(($K21/$K$10)*$L$10,2))),"",IF($K21="","",ROUND(($K21/$K$10)*$L$10,2))) | M21: =IF($L21="","",ROUND($L21*$M$10,2)) | Q21: =IF(COUNT($N21:$P21)=0,"",SUM($N21:$P21)) | R21: =IF(ISERROR(IF($Q21="","",ROUND(($Q21/$Q$10)*$R$10,2))),"",IF($Q21="","",ROUND(($Q21/$Q$10)*$R$10,2))) | S21: =IF($R21="","",ROUND($R21*$S$10,2)) | W21: =IF(COUNT($T21:$V21)=0,"",SUM($T21:$V21)) | X21: =IF(ISERROR(IF($W21="","",ROUND(($W21/$W$10)*$X$10,2))),"",IF($W21="","",ROUND(($W21/$W$10)*$X$10,2))) | Y21: =IF($X21="","",ROUND($X21*$Y$10,2)) | Z21: =IF(ISERROR(IF($V21="","",ROUND(SUM($M21,$S21,$Y21),2))),"",IF($V21="","",ROUND(SUM($M21,$S21,$Y21),2))) | AA21: =IF(ISERROR(IF($V21="","",VLOOKUP(Z21,NewTransmu,4,TRUE))),"",IF($V21="","",VLOOKUP(Z21,NewTransmu,4,TRUE))) | AB21: =IF(ISERROR(IF(AA21="","",VLOOKUP(AA21,DESCRIPTORS,4,TRUE))),"",IF(AA21="","",VLOOKUP(AA21,DESCRIPTORS,4,TRUE))) | AD21: Percentage | AE21: =IFERROR(1-AE19,"") -> 0 | AF21: =IFERROR(1-AF19,"") -> 0 | AG21: =IFERROR(1-AG19,"") -> 0.5 | AV21: =(T21/$T$10)*100 -> 0 | AW21: =(U21/$U$10)*100 -> 0 | AX21: =(V21/$V$10)*100 -> 0
A22: 11 | B22: =INPUT!B22 -> 0 | K22: =IF(COUNT($F22:$J22)=0,"",SUM($F22:$J22)) | L22: =IF(ISERROR(IF($K22="","",ROUND(($K22/$K$10)*$L$10,2))),"",IF($K22="","",ROUND(($K22/$K$10)*$L$10,2))) | M22: =IF($L22="","",ROUND($L22*$M$10,2)) | Q22: =IF(COUNT($N22:$P22)=0,"",SUM($N22:$P22)) | R22: =IF(ISERROR(IF($Q22="","",ROUND(($Q22/$Q$10)*$R$10,2))),"",IF($Q22="","",ROUND(($Q22/$Q$10)*$R$10,2))) | S22: =IF($R22="","",ROUND($R22*$S$10,2)) | W22: =IF(COUNT($T22:$V22)=0,"",SUM($T22:$V22)) | X22: =IF(ISERROR(IF($W22="","",ROUND(($W22/$W$10)*$X$10,2))),"",IF($W22="","",ROUND(($W22/$W$10)*$X$10,2))) | Y22: =IF($X22="","",ROUND($X22*$Y$10,2)) | Z22: =IF(ISERROR(IF($V22="","",ROUND(SUM($M22,$S22,$Y22),2))),"",IF($V22="","",ROUND(SUM($M22,$S22,$Y22),2))) | AA22: =IF(ISERROR(IF($V22="","",VLOOKUP(Z22,NewTransmu,4,TRUE))),"",IF($V22="","",VLOOKUP(Z22,NewTransmu,4,TRUE))) | AB22: =IF(ISERROR(IF(AA22="","",VLOOKUP(AA22,DESCRIPTORS,4,TRUE))),"",IF(AA22="","",VLOOKUP(AA22,DESCRIPTORS,4,TRUE))) | AV22: =(T22/$T$10)*100 -> 0 | AW22: =(U22/$U$10)*100 -> 0 | AX22: =(V22/$V$10)*100 -> 0
A23: 12 | B23: =INPUT!B23 -> 0 | K23: =IF(COUNT($F23:$J23)=0,"",SUM($F23:$J23)) | L23: =IF(ISERROR(IF($K23="","",ROUND(($K23/$K$10)*$L$10,2))),"",IF($K23="","",ROUND(($K23/$K$10)*$L$10,2))) | M23: =IF($L23="","",ROUND($L23*$M$10,2)) | Q23: =IF(COUNT($N23:$P23)=0,"",SUM($N23:$P23)) | R23: =IF(ISERROR(IF($Q23="","",ROUND(($Q23/$Q$10)*$R$10,2))),"",IF($Q23="","",ROUND(($Q23/$Q$10)*$R$10,2))) | S23: =IF($R23="","",ROUND($R23*$S$10,2)) | W23: =IF(COUNT($T23:$V23)=0,"",SUM($T23:$V23)) | X23: =IF(ISERROR(IF($W23="","",ROUND(($W23/$W$10)*$X$10,2))),"",IF($W23="","",ROUND(($W23/$W$10)*$X$10,2))) | Y23: =IF($X23="","",ROUND($X23*$Y$10,2)) | Z23: =IF(ISERROR(IF($V23="","",ROUND(SUM($M23,$S23,$Y23),2))),"",IF($V23="","",ROUND(SUM($M23,$S23,$Y23),2))) | AA23: =IF(ISERROR(IF($V23="","",VLOOKUP(Z23,NewTransmu,4,TRUE))),"",IF($V23="","",VLOOKUP(Z23,NewTransmu,4,TRUE))) | AB23: =IF(ISERROR(IF(AA23="","",VLOOKUP(AA23,DESCRIPTORS,4,TRUE))),"",IF(AA23="","",VLOOKUP(AA23,DESCRIPTORS,4,TRUE))) | AD23: NORM-REFERENCED | AE23: ST1 | AF23: ST2 | AG23: TE | AV23: =(T23/$T$10)*100 -> 0 | AW23: =(U23/$U$10)*100 -> 0 | AX23: =(V23/$V$10)*100 -> 0
A24: 13 | B24: =INPUT!B24 -> 0 | K24: =IF(COUNT($F24:$J24)=0,"",SUM($F24:$J24)) | L24: =IF(ISERROR(IF($K24="","",ROUND(($K24/$K$10)*$L$10,2))),"",IF($K24="","",ROUND(($K24/$K$10)*$L$10,2))) | M24: =IF($L24="","",ROUND($L24*$M$10,2)) | Q24: =IF(COUNT($N24:$P24)=0,"",SUM($N24:$P24)) | R24: =IF(ISERROR(IF($Q24="","",ROUND(($Q24/$Q$10)*$R$10,2))),"",IF($Q24="","",ROUND(($Q24/$Q$10)*$R$10,2))) | S24: =IF($R24="","",ROUND($R24*$S$10,2)) | W24: =IF(COUNT($T24:$V24)=0,"",SUM($T24:$V24)) | X24: =IF(ISERROR(IF($W24="","",ROUND(($W24/$W$10)*$X$10,2))),"",IF($W24="","",ROUND(($W24/$W$10)*$X$10,2))) | Y24: =IF($X24="","",ROUND($X24*$Y$10,2)) | Z24: =IF(ISERROR(IF($V24="","",ROUND(SUM($M24,$S24,$Y24),2))),"",IF($V24="","",ROUND(SUM($M24,$S24,$Y24),2))) | AA24: =IF(ISERROR(IF($V24="","",VLOOKUP(Z24,NewTransmu,4,TRUE))),"",IF($V24="","",VLOOKUP(Z24,NewTransmu,4,TRUE))) | AB24: =IF(ISERROR(IF(AA24="","",VLOOKUP(AA24,DESCRIPTORS,4,TRUE))),"",IF(AA24="","",VLOOKUP(AA24,DESCRIPTORS,4,TRUE))) | AD24: Mean | AE24: =IFERROR(AVERAGE(T12:T112),"") -> 26.5 | AF24: =IFERROR(AVERAGE(U12:U112),"") -> 26.833333 | AG24: =IFERROR(AVERAGE(V12:V112),"") -> 30 | AV24: =(T24/$T$10)*100 -> 0 | AW24: =(U24/$U$10)*100 -> 0 | AX24: =(V24/$V$10)*100 -> 0
A25: 14 | B25: =INPUT!B25 -> 0 | K25: =IF(COUNT($F25:$J25)=0,"",SUM($F25:$J25)) | L25: =IF(ISERROR(IF($K25="","",ROUND(($K25/$K$10)*$L$10,2))),"",IF($K25="","",ROUND(($K25/$K$10)*$L$10,2))) | M25: =IF($L25="","",ROUND($L25*$M$10,2)) | Q25: =IF(COUNT($N25:$P25)=0,"",SUM($N25:$P25)) | R25: =IF(ISERROR(IF($Q25="","",ROUND(($Q25/$Q$10)*$R$10,2))),"",IF($Q25="","",ROUND(($Q25/$Q$10)*$R$10,2))) | S25: =IF($R25="","",ROUND($R25*$S$10,2)) | W25: =IF(COUNT($T25:$V25)=0,"",SUM($T25:$V25)) | X25: =IF(ISERROR(IF($W25="","",ROUND(($W25/$W$10)*$X$10,2))),"",IF($W25="","",ROUND(($W25/$W$10)*$X$10,2))) | Y25: =IF($X25="","",ROUND($X25*$Y$10,2)) | Z25: =IF(ISERROR(IF($V25="","",ROUND(SUM($M25,$S25,$Y25),2))),"",IF($V25="","",ROUND(SUM($M25,$S25,$Y25),2))) | AA25: =IF(ISERROR(IF($V25="","",VLOOKUP(Z25,NewTransmu,4,TRUE))),"",IF($V25="","",VLOOKUP(Z25,NewTransmu,4,TRUE))) | AB25: =IF(ISERROR(IF(AA25="","",VLOOKUP(AA25,DESCRIPTORS,4,TRUE))),"",IF(AA25="","",VLOOKUP(AA25,DESCRIPTORS,4,TRUE))) | AD25: Median | AE25: =IFERROR(MEDIAN(T12:T112),"") -> 26.5 | AF25: =IFERROR(MEDIAN(U12:U112),"") -> 28 | AG25: =IFERROR(MEDIAN(V12:V112),"") -> 29.5 | AV25: =(T25/$T$10)*100 -> 0 | AW25: =(U25/$U$10)*100 -> 0 | AX25: =(V25/$V$10)*100 -> 0
A26: 15 | B26: =INPUT!B26 -> 0 | K26: =IF(COUNT($F26:$J26)=0,"",SUM($F26:$J26)) | L26: =IF(ISERROR(IF($K26="","",ROUND(($K26/$K$10)*$L$10,2))),"",IF($K26="","",ROUND(($K26/$K$10)*$L$10,2))) | M26: =IF($L26="","",ROUND($L26*$M$10,2)) | Q26: =IF(COUNT($N26:$P26)=0,"",SUM($N26:$P26)) | R26: =IF(ISERROR(IF($Q26="","",ROUND(($Q26/$Q$10)*$R$10,2))),"",IF($Q26="","",ROUND(($Q26/$Q$10)*$R$10,2))) | S26: =IF($R26="","",ROUND($R26*$S$10,2)) | W26: =IF(COUNT($T26:$V26)=0,"",SUM($T26:$V26)) | X26: =IF(ISERROR(IF($W26="","",ROUND(($W26/$W$10)*$X$10,2))),"",IF($W26="","",ROUND(($W26/$W$10)*$X$10,2))) | Y26: =IF($X26="","",ROUND($X26*$Y$10,2)) | Z26: =IF(ISERROR(IF($V26="","",ROUND(SUM($M26,$S26,$Y26),2))),"",IF($V26="","",ROUND(SUM($M26,$S26,$Y26),2))) | AA26: =IF(ISERROR(IF($V26="","",VLOOKUP(Z26,NewTransmu,4,TRUE))),"",IF($V26="","",VLOOKUP(Z26,NewTransmu,4,TRUE))) | AB26: =IF(ISERROR(IF(AA26="","",VLOOKUP(AA26,DESCRIPTORS,4,TRUE))),"",IF(AA26="","",VLOOKUP(AA26,DESCRIPTORS,4,TRUE))) | AD26: SD | AE26: =IFERROR(_xlfn.STDEV.S(T12:T112),"") -> 1.0488088 | AF26: =_xlfn.STDEV.S(U12:U112) -> 1.8348479 | AG26: =_xlfn.STDEV.S(V12:V112) -> 3.4058773 | AV26: =(T26/$T$10)*100 -> 0 | AW26: =(U26/$U$10)*100 -> 0 | AX26: =(V26/$V$10)*100 -> 0
A27: 16 | B27: =INPUT!B27 -> 0 | K27: =IF(COUNT($F27:$J27)=0,"",SUM($F27:$J27)) | L27: =IF(ISERROR(IF($K27="","",ROUND(($K27/$K$10)*$L$10,2))),"",IF($K27="","",ROUND(($K27/$K$10)*$L$10,2))) | M27: =IF($L27="","",ROUND($L27*$M$10,2)) | Q27: =IF(COUNT($N27:$P27)=0,"",SUM($N27:$P27)) | R27: =IF(ISERROR(IF($Q27="","",ROUND(($Q27/$Q$10)*$R$10,2))),"",IF($Q27="","",ROUND(($Q27/$Q$10)*$R$10,2))) | S27: =IF($R27="","",ROUND($R27*$S$10,2)) | W27: =IF(COUNT($T27:$V27)=0,"",SUM($T27:$V27)) | X27: =IF(ISERROR(IF($W27="","",ROUND(($W27/$W$10)*$X$10,2))),"",IF($W27="","",ROUND(($W27/$W$10)*$X$10,2))) | Y27: =IF($X27="","",ROUND($X27*$Y$10,2)) | Z27: =IF(ISERROR(IF($V27="","",ROUND(SUM($M27,$S27,$Y27),2))),"",IF($V27="","",ROUND(SUM($M27,$S27,$Y27),2))) | AA27: =IF(ISERROR(IF($V27="","",VLOOKUP(Z27,NewTransmu,4,TRUE))),"",IF($V27="","",VLOOKUP(Z27,NewTransmu,4,TRUE))) | AB27: =IF(ISERROR(IF(AA27="","",VLOOKUP(AA27,DESCRIPTORS,4,TRUE))),"",IF(AA27="","",VLOOKUP(AA27,DESCRIPTORS,4,TRUE))) | AD27: MPS/PL | AE27: =IFERROR(AE24/AE15,"") -> 0.88333333 | AF27: =IFERROR(AF24/AF15,"") -> 0.89444444 | AG27: =IFERROR(AG24/AG15,"") -> 0.75 | AV27: =(T27/$T$10)*100 -> 0 | AW27: =(U27/$U$10)*100 -> 0 | AX27: =(V27/$V$10)*100 -> 0
A28: 17 | B28: =INPUT!B28 -> 0 | K28: =IF(COUNT($F28:$J28)=0,"",SUM($F28:$J28)) | L28: =IF(ISERROR(IF($K28="","",ROUND(($K28/$K$10)*$L$10,2))),"",IF($K28="","",ROUND(($K28/$K$10)*$L$10,2))) | M28: =IF($L28="","",ROUND($L28*$M$10,2)) | Q28: =IF(COUNT($N28:$P28)=0,"",SUM($N28:$P28)) | R28: =IF(ISERROR(IF($Q28="","",ROUND(($Q28/$Q$10)*$R$10,2))),"",IF($Q28="","",ROUND(($Q28/$Q$10)*$R$10,2))) | S28: =IF($R28="","",ROUND($R28*$S$10,2)) | W28: =IF(COUNT($T28:$V28)=0,"",SUM($T28:$V28)) | X28: =IF(ISERROR(IF($W28="","",ROUND(($W28/$W$10)*$X$10,2))),"",IF($W28="","",ROUND(($W28/$W$10)*$X$10,2))) | Y28: =IF($X28="","",ROUND($X28*$Y$10,2)) | Z28: =IF(ISERROR(IF($V28="","",ROUND(SUM($M28,$S28,$Y28),2))),"",IF($V28="","",ROUND(SUM($M28,$S28,$Y28),2))) | AA28: =IF(ISERROR(IF($V28="","",VLOOKUP(Z28,NewTransmu,4,TRUE))),"",IF($V28="","",VLOOKUP(Z28,NewTransmu,4,TRUE))) | AB28: =IF(ISERROR(IF(AA28="","",VLOOKUP(AA28,DESCRIPTORS,4,TRUE))),"",IF(AA28="","",VLOOKUP(AA28,DESCRIPTORS,4,TRUE))) | AV28: =(T28/$T$10)*100 -> 0 | AW28: =(U28/$U$10)*100 -> 0 | AX28: =(V28/$V$10)*100 -> 0
A29: 18 | B29: =INPUT!B29 -> 0 | K29: =IF(COUNT($F29:$J29)=0,"",SUM($F29:$J29)) | L29: =IF(ISERROR(IF($K29="","",ROUND(($K29/$K$10)*$L$10,2))),"",IF($K29="","",ROUND(($K29/$K$10)*$L$10,2))) | M29: =IF($L29="","",ROUND($L29*$M$10,2)) | Q29: =IF(COUNT($N29:$P29)=0,"",SUM($N29:$P29)) | R29: =IF(ISERROR(IF($Q29="","",ROUND(($Q29/$Q$10)*$R$10,2))),"",IF($Q29="","",ROUND(($Q29/$Q$10)*$R$10,2))) | S29: =IF($R29="","",ROUND($R29*$S$10,2)) | W29: =IF(COUNT($T29:$V29)=0,"",SUM($T29:$V29)) | X29: =IF(ISERROR(IF($W29="","",ROUND(($W29/$W$10)*$X$10,2))),"",IF($W29="","",ROUND(($W29/$W$10)*$X$10,2))) | Y29: =IF($X29="","",ROUND($X29*$Y$10,2)) | Z29: =IF(ISERROR(IF($V29="","",ROUND(SUM($M29,$S29,$Y29),2))),"",IF($V29="","",ROUND(SUM($M29,$S29,$Y29),2))) | AA29: =IF(ISERROR(IF($V29="","",VLOOKUP(Z29,NewTransmu,4,TRUE))),"",IF($V29="","",VLOOKUP(Z29,NewTransmu,4,TRUE))) | AB29: =IF(ISERROR(IF(AA29="","",VLOOKUP(AA29,DESCRIPTORS,4,TRUE))),"",IF(AA29="","",VLOOKUP(AA29,DESCRIPTORS,4,TRUE))) | AD29: OTHER INFO | AE29: ST1 | AF29: ST2 | AG29: TE | AV29: =(T29/$T$10)*100 -> 0 | AW29: =(U29/$U$10)*100 -> 0 | AX29: =(V29/$V$10)*100 -> 0
A30: 19 | B30: =INPUT!B30 -> 0 | K30: =IF(COUNT($F30:$J30)=0,"",SUM($F30:$J30)) | L30: =IF(ISERROR(IF($K30="","",ROUND(($K30/$K$10)*$L$10,2))),"",IF($K30="","",ROUND(($K30/$K$10)*$L$10,2))) | M30: =IF($L30="","",ROUND($L30*$M$10,2)) | Q30: =IF(COUNT($N30:$P30)=0,"",SUM($N30:$P30)) | R30: =IF(ISERROR(IF($Q30="","",ROUND(($Q30/$Q$10)*$R$10,2))),"",IF($Q30="","",ROUND(($Q30/$Q$10)*$R$10,2))) | S30: =IF($R30="","",ROUND($R30*$S$10,2)) | W30: =IF(COUNT($T30:$V30)=0,"",SUM($T30:$V30)) | X30: =IF(ISERROR(IF($W30="","",ROUND(($W30/$W$10)*$X$10,2))),"",IF($W30="","",ROUND(($W30/$W$10)*$X$10,2))) | Y30: =IF($X30="","",ROUND($X30*$Y$10,2)) | Z30: =IF(ISERROR(IF($V30="","",ROUND(SUM($M30,$S30,$Y30),2))),"",IF($V30="","",ROUND(SUM($M30,$S30,$Y30),2))) | AA30: =IF(ISERROR(IF($V30="","",VLOOKUP(Z30,NewTransmu,4,TRUE))),"",IF($V30="","",VLOOKUP(Z30,NewTransmu,4,TRUE))) | AB30: =IF(ISERROR(IF(AA30="","",VLOOKUP(AA30,DESCRIPTORS,4,TRUE))),"",IF(AA30="","",VLOOKUP(AA30,DESCRIPTORS,4,TRUE))) | AD30: Highest Score | AE30: =IF(COUNTA(T12:T112)=0,"",MAX(T12:T112)) -> 28 | AF30: =IF(COUNTA(U12:U112)=0,"",MAX(U12:U112)) -> 28 | AG30: =IF(COUNTA(V12:V112)=0,"",MAX(V12:V112)) -> 34 | AV30: =(T30/$T$10)*100 -> 0 | AW30: =(U30/$U$10)*100 -> 0 | AX30: =(V30/$V$10)*100 -> 0
A31: 20 | B31: =INPUT!B31 -> 0 | K31: =IF(COUNT($F31:$J31)=0,"",SUM($F31:$J31)) | L31: =IF(ISERROR(IF($K31="","",ROUND(($K31/$K$10)*$L$10,2))),"",IF($K31="","",ROUND(($K31/$K$10)*$L$10,2))) | M31: =IF($L31="","",ROUND($L31*$M$10,2)) | Q31: =IF(COUNT($N31:$P31)=0,"",SUM($N31:$P31)) | R31: =IF(ISERROR(IF($Q31="","",ROUND(($Q31/$Q$10)*$R$10,2))),"",IF($Q31="","",ROUND(($Q31/$Q$10)*$R$10,2))) | S31: =IF($R31="","",ROUND($R31*$S$10,2)) | W31: =IF(COUNT($T31:$V31)=0,"",SUM($T31:$V31)) | X31: =IF(ISERROR(IF($W31="","",ROUND(($W31/$W$10)*$X$10,2))),"",IF($W31="","",ROUND(($W31/$W$10)*$X$10,2))) | Y31: =IF($X31="","",ROUND($X31*$Y$10,2)) | Z31: =IF(ISERROR(IF($V31="","",ROUND(SUM($M31,$S31,$Y31),2))),"",IF($V31="","",ROUND(SUM($M31,$S31,$Y31),2))) | AA31: =IF(ISERROR(IF($V31="","",VLOOKUP(Z31,NewTransmu,4,TRUE))),"",IF($V31="","",VLOOKUP(Z31,NewTransmu,4,TRUE))) | AB31: =IF(ISERROR(IF(AA31="","",VLOOKUP(AA31,DESCRIPTORS,4,TRUE))),"",IF(AA31="","",VLOOKUP(AA31,DESCRIPTORS,4,TRUE))) | AD31: Lowest Score | AE31: =IF(COUNTA(T12:T112)=0,"",MIN(T12:T112)) -> 25 | AF31: =IF(COUNTA(U12:U112)=0,"",MIN(U12:U112)) -> 24 | AG31: =IF(COUNTA(V12:V112)=0,"",MIN(V12:V112)) -> 26 | AV31: =(T31/$T$10)*100 -> 0 | AW31: =(U31/$U$10)*100 -> 0 | AX31: =(V31/$V$10)*100 -> 0
A32: 21 | B32: =INPUT!B32 -> 0 | K32: =IF(COUNT($F32:$J32)=0,"",SUM($F32:$J32)) | L32: =IF(ISERROR(IF($K32="","",ROUND(($K32/$K$10)*$L$10,2))),"",IF($K32="","",ROUND(($K32/$K$10)*$L$10,2))) | M32: =IF($L32="","",ROUND($L32*$M$10,2)) | Q32: =IF(COUNT($N32:$P32)=0,"",SUM($N32:$P32)) | R32: =IF(ISERROR(IF($Q32="","",ROUND(($Q32/$Q$10)*$R$10,2))),"",IF($Q32="","",ROUND(($Q32/$Q$10)*$R$10,2))) | S32: =IF($R32="","",ROUND($R32*$S$10,2)) | W32: =IF(COUNT($T32:$V32)=0,"",SUM($T32:$V32)) | X32: =IF(ISERROR(IF($W32="","",ROUND(($W32/$W$10)*$X$10,2))),"",IF($W32="","",ROUND(($W32/$W$10)*$X$10,2))) | Y32: =IF($X32="","",ROUND($X32*$Y$10,2)) | Z32: =IF(ISERROR(IF($V32="","",ROUND(SUM($M32,$S32,$Y32),2))),"",IF($V32="","",ROUND(SUM($M32,$S32,$Y32),2))) | AA32: =IF(ISERROR(IF($V32="","",VLOOKUP(Z32,NewTransmu,4,TRUE))),"",IF($V32="","",VLOOKUP(Z32,NewTransmu,4,TRUE))) | AB32: =IF(ISERROR(IF(AA32="","",VLOOKUP(AA32,DESCRIPTORS,4,TRUE))),"",IF(AA32="","",VLOOKUP(AA32,DESCRIPTORS,4,TRUE))) | AD32: Total Score | AE32: =IF(COUNTA(T12:T112)=0,"",SUM(T12:T112)) -> 159 | AF32: =IF(COUNTA(U12:U112)=0,"",SUM(U12:U112)) -> 161 | AG32: =IF(COUNTA(V12:V112)=0,"",SUM(V12:V112)) -> 180 | AV32: =(T32/$T$10)*100 -> 0 | AW32: =(U32/$U$10)*100 -> 0 | AX32: =(V32/$V$10)*100 -> 0
A33: 22 | B33: =INPUT!B33 -> 0 | K33: =IF(COUNT($F33:$J33)=0,"",SUM($F33:$J33)) | L33: =IF(ISERROR(IF($K33="","",ROUND(($K33/$K$10)*$L$10,2))),"",IF($K33="","",ROUND(($K33/$K$10)*$L$10,2))) | M33: =IF($L33="","",ROUND($L33*$M$10,2)) | Q33: =IF(COUNT($N33:$P33)=0,"",SUM($N33:$P33)) | R33: =IF(ISERROR(IF($Q33="","",ROUND(($Q33/$Q$10)*$R$10,2))),"",IF($Q33="","",ROUND(($Q33/$Q$10)*$R$10,2))) | S33: =IF($R33="","",ROUND($R33*$S$10,2)) | W33: =IF(COUNT($T33:$V33)=0,"",SUM($T33:$V33)) | X33: =IF(ISERROR(IF($W33="","",ROUND(($W33/$W$10)*$X$10,2))),"",IF($W33="","",ROUND(($W33/$W$10)*$X$10,2))) | Y33: =IF($X33="","",ROUND($X33*$Y$10,2)) | Z33: =IF(ISERROR(IF($V33="","",ROUND(SUM($M33,$S33,$Y33),2))),"",IF($V33="","",ROUND(SUM($M33,$S33,$Y33),2))) | AA33: =IF(ISERROR(IF($V33="","",VLOOKUP(Z33,NewTransmu,4,TRUE))),"",IF($V33="","",VLOOKUP(Z33,NewTransmu,4,TRUE))) | AB33: =IF(ISERROR(IF(AA33="","",VLOOKUP(AA33,DESCRIPTORS,4,TRUE))),"",IF(AA33="","",VLOOKUP(AA33,DESCRIPTORS,4,TRUE))) | AV33: =(T33/$T$10)*100 -> 0 | AW33: =(U33/$U$10)*100 -> 0 | AX33: =(V33/$V$10)*100 -> 0
A34: 23 | B34: =INPUT!B34 -> 0 | K34: =IF(COUNT($F34:$J34)=0,"",SUM($F34:$J34)) | L34: =IF(ISERROR(IF($K34="","",ROUND(($K34/$K$10)*$L$10,2))),"",IF($K34="","",ROUND(($K34/$K$10)*$L$10,2))) | M34: =IF($L34="","",ROUND($L34*$M$10,2)) | Q34: =IF(COUNT($N34:$P34)=0,"",SUM($N34:$P34)) | R34: =IF(ISERROR(IF($Q34="","",ROUND(($Q34/$Q$10)*$R$10,2))),"",IF($Q34="","",ROUND(($Q34/$Q$10)*$R$10,2))) | S34: =IF($R34="","",ROUND($R34*$S$10,2)) | W34: =IF(COUNT($T34:$V34)=0,"",SUM($T34:$V34)) | X34: =IF(ISERROR(IF($W34="","",ROUND(($W34/$W$10)*$X$10,2))),"",IF($W34="","",ROUND(($W34/$W$10)*$X$10,2))) | Y34: =IF($X34="","",ROUND($X34*$Y$10,2)) | Z34: =IF(ISERROR(IF($V34="","",ROUND(SUM($M34,$S34,$Y34),2))),"",IF($V34="","",ROUND(SUM($M34,$S34,$Y34),2))) | AA34: =IF(ISERROR(IF($V34="","",VLOOKUP(Z34,NewTransmu,4,TRUE))),"",IF($V34="","",VLOOKUP(Z34,NewTransmu,4,TRUE))) | AB34: =IF(ISERROR(IF(AA34="","",VLOOKUP(AA34,DESCRIPTORS,4,TRUE))),"",IF(AA34="","",VLOOKUP(AA34,DESCRIPTORS,4,TRUE))) | AV34: =(T34/$T$10)*100 -> 0 | AW34: =(U34/$U$10)*100 -> 0 | AX34: =(V34/$V$10)*100 -> 0
A35: 24 | B35: =INPUT!B35 -> 0 | K35: =IF(COUNT($F35:$J35)=0,"",SUM($F35:$J35)) | L35: =IF(ISERROR(IF($K35="","",ROUND(($K35/$K$10)*$L$10,2))),"",IF($K35="","",ROUND(($K35/$K$10)*$L$10,2))) | M35: =IF($L35="","",ROUND($L35*$M$10,2)) | Q35: =IF(COUNT($N35:$P35)=0,"",SUM($N35:$P35)) | R35: =IF(ISERROR(IF($Q35="","",ROUND(($Q35/$Q$10)*$R$10,2))),"",IF($Q35="","",ROUND(($Q35/$Q$10)*$R$10,2))) | S35: =IF($R35="","",ROUND($R35*$S$10,2)) | W35: =IF(COUNT($T35:$V35)=0,"",SUM($T35:$V35)) | X35: =IF(ISERROR(IF($W35="","",ROUND(($W35/$W$10)*$X$10,2))),"",IF($W35="","",ROUND(($W35/$W$10)*$X$10,2))) | Y35: =IF($X35="","",ROUND($X35*$Y$10,2)) | Z35: =IF(ISERROR(IF($V35="","",ROUND(SUM($M35,$S35,$Y35),2))),"",IF($V35="","",ROUND(SUM($M35,$S35,$Y35),2))) | AA35: =IF(ISERROR(IF($V35="","",VLOOKUP(Z35,NewTransmu,4,TRUE))),"",IF($V35="","",VLOOKUP(Z35,NewTransmu,4,TRUE))) | AB35: =IF(ISERROR(IF(AA35="","",VLOOKUP(AA35,DESCRIPTORS,4,TRUE))),"",IF(AA35="","",VLOOKUP(AA35,DESCRIPTORS,4,TRUE))) | AV35: =(T35/$T$10)*100 -> 0 | AW35: =(U35/$U$10)*100 -> 0 | AX35: =(V35/$V$10)*100 -> 0
A36: 25 | B36: =INPUT!B36 -> 0 | K36: =IF(COUNT($F36:$J36)=0,"",SUM($F36:$J36)) | L36: =IF(ISERROR(IF($K36="","",ROUND(($K36/$K$10)*$L$10,2))),"",IF($K36="","",ROUND(($K36/$K$10)*$L$10,2))) | M36: =IF($L36="","",ROUND($L36*$M$10,2)) | Q36: =IF(COUNT($N36:$P36)=0,"",SUM($N36:$P36)) | R36: =IF(ISERROR(IF($Q36="","",ROUND(($Q36/$Q$10)*$R$10,2))),"",IF($Q36="","",ROUND(($Q36/$Q$10)*$R$10,2))) | S36: =IF($R36="","",ROUND($R36*$S$10,2)) | W36: =IF(COUNT($T36:$V36)=0,"",SUM($T36:$V36)) | X36: =IF(ISERROR(IF($W36="","",ROUND(($W36/$W$10)*$X$10,2))),"",IF($W36="","",ROUND(($W36/$W$10)*$X$10,2))) | Y36: =IF($X36="","",ROUND($X36*$Y$10,2)) | Z36: =IF(ISERROR(IF($V36="","",ROUND(SUM($M36,$S36,$Y36),2))),"",IF($V36="","",ROUND(SUM($M36,$S36,$Y36),2))) | AA36: =IF(ISERROR(IF($V36="","",VLOOKUP(Z36,NewTransmu,4,TRUE))),"",IF($V36="","",VLOOKUP(Z36,NewTransmu,4,TRUE))) | AB36: =IF(ISERROR(IF(AA36="","",VLOOKUP(AA36,DESCRIPTORS,4,TRUE))),"",IF(AA36="","",VLOOKUP(AA36,DESCRIPTORS,4,TRUE))) | AV36: =(T36/$T$10)*100 -> 0 | AW36: =(U36/$U$10)*100 -> 0 | AX36: =(V36/$V$10)*100 -> 0
A37: 26 | B37: =INPUT!B37 -> 0 | K37: =IF(COUNT($F37:$J37)=0,"",SUM($F37:$J37)) | L37: =IF(ISERROR(IF($K37="","",ROUND(($K37/$K$10)*$L$10,2))),"",IF($K37="","",ROUND(($K37/$K$10)*$L$10,2))) | M37: =IF($L37="","",ROUND($L37*$M$10,2)) | Q37: =IF(COUNT($N37:$P37)=0,"",SUM($N37:$P37)) | R37: =IF(ISERROR(IF($Q37="","",ROUND(($Q37/$Q$10)*$R$10,2))),"",IF($Q37="","",ROUND(($Q37/$Q$10)*$R$10,2))) | S37: =IF($R37="","",ROUND($R37*$S$10,2)) | W37: =IF(COUNT($T37:$V37)=0,"",SUM($T37:$V37)) | X37: =IF(ISERROR(IF($W37="","",ROUND(($W37/$W$10)*$X$10,2))),"",IF($W37="","",ROUND(($W37/$W$10)*$X$10,2))) | Y37: =IF($X37="","",ROUND($X37*$Y$10,2)) | Z37: =IF(ISERROR(IF($V37="","",ROUND(SUM($M37,$S37,$Y37),2))),"",IF($V37="","",ROUND(SUM($M37,$S37,$Y37),2))) | AA37: =IF(ISERROR(IF($V37="","",VLOOKUP(Z37,NewTransmu,4,TRUE))),"",IF($V37="","",VLOOKUP(Z37,NewTransmu,4,TRUE))) | AB37: =IF(ISERROR(IF(AA37="","",VLOOKUP(AA37,DESCRIPTORS,4,TRUE))),"",IF(AA37="","",VLOOKUP(AA37,DESCRIPTORS,4,TRUE))) | AV37: =(T37/$T$10)*100 -> 0 | AW37: =(U37/$U$10)*100 -> 0 | AX37: =(V37/$V$10)*100 -> 0
A38: 27 | B38: =INPUT!B38 -> 0 | K38: =IF(COUNT($F38:$J38)=0,"",SUM($F38:$J38)) | L38: =IF(ISERROR(IF($K38="","",ROUND(($K38/$K$10)*$L$10,2))),"",IF($K38="","",ROUND(($K38/$K$10)*$L$10,2))) | M38: =IF($L38="","",ROUND($L38*$M$10,2)) | Q38: =IF(COUNT($N38:$P38)=0,"",SUM($N38:$P38)) | R38: =IF(ISERROR(IF($Q38="","",ROUND(($Q38/$Q$10)*$R$10,2))),"",IF($Q38="","",ROUND(($Q38/$Q$10)*$R$10,2))) | S38: =IF($R38="","",ROUND($R38*$S$10,2)) | W38: =IF(COUNT($T38:$V38)=0,"",SUM($T38:$V38)) | X38: =IF(ISERROR(IF($W38="","",ROUND(($W38/$W$10)*$X$10,2))),"",IF($W38="","",ROUND(($W38/$W$10)*$X$10,2))) | Y38: =IF($X38="","",ROUND($X38*$Y$10,2)) | Z38: =IF(ISERROR(IF($V38="","",ROUND(SUM($M38,$S38,$Y38),2))),"",IF($V38="","",ROUND(SUM($M38,$S38,$Y38),2))) | AA38: =IF(ISERROR(IF($V38="","",VLOOKUP(Z38,NewTransmu,4,TRUE))),"",IF($V38="","",VLOOKUP(Z38,NewTransmu,4,TRUE))) | AB38: =IF(ISERROR(IF(AA38="","",VLOOKUP(AA38,DESCRIPTORS,4,TRUE))),"",IF(AA38="","",VLOOKUP(AA38,DESCRIPTORS,4,TRUE))) | AV38: =(T38/$T$10)*100 -> 0 | AW38: =(U38/$U$10)*100 -> 0 | AX38: =(V38/$V$10)*100 -> 0
A39: 28 | B39: =INPUT!B39 -> 0 | K39: =IF(COUNT($F39:$J39)=0,"",SUM($F39:$J39)) | L39: =IF(ISERROR(IF($K39="","",ROUND(($K39/$K$10)*$L$10,2))),"",IF($K39="","",ROUND(($K39/$K$10)*$L$10,2))) | M39: =IF($L39="","",ROUND($L39*$M$10,2)) | Q39: =IF(COUNT($N39:$P39)=0,"",SUM($N39:$P39)) | R39: =IF(ISERROR(IF($Q39="","",ROUND(($Q39/$Q$10)*$R$10,2))),"",IF($Q39="","",ROUND(($Q39/$Q$10)*$R$10,2))) | S39: =IF($R39="","",ROUND($R39*$S$10,2)) | W39: =IF(COUNT($T39:$V39)=0,"",SUM($T39:$V39)) | X39: =IF(ISERROR(IF($W39="","",ROUND(($W39/$W$10)*$X$10,2))),"",IF($W39="","",ROUND(($W39/$W$10)*$X$10,2))) | Y39: =IF($X39="","",ROUND($X39*$Y$10,2)) | Z39: =IF(ISERROR(IF($V39="","",ROUND(SUM($M39,$S39,$Y39),2))),"",IF($V39="","",ROUND(SUM($M39,$S39,$Y39),2))) | AA39: =IF(ISERROR(IF($V39="","",VLOOKUP(Z39,NewTransmu,4,TRUE))),"",IF($V39="","",VLOOKUP(Z39,NewTransmu,4,TRUE))) | AB39: =IF(ISERROR(IF(AA39="","",VLOOKUP(AA39,DESCRIPTORS,4,TRUE))),"",IF(AA39="","",VLOOKUP(AA39,DESCRIPTORS,4,TRUE))) | AV39: =(T39/$T$10)*100 -> 0 | AW39: =(U39/$U$10)*100 -> 0 | AX39: =(V39/$V$10)*100 -> 0
A40: 29 | B40: =INPUT!B40 -> 0 | K40: =IF(COUNT($F40:$J40)=0,"",SUM($F40:$J40)) | L40: =IF(ISERROR(IF($K40="","",ROUND(($K40/$K$10)*$L$10,2))),"",IF($K40="","",ROUND(($K40/$K$10)*$L$10,2))) | M40: =IF($L40="","",ROUND($L40*$M$10,2)) | Q40: =IF(COUNT($N40:$P40)=0,"",SUM($N40:$P40)) | R40: =IF(ISERROR(IF($Q40="","",ROUND(($Q40/$Q$10)*$R$10,2))),"",IF($Q40="","",ROUND(($Q40/$Q$10)*$R$10,2))) | S40: =IF($R40="","",ROUND($R40*$S$10,2)) | W40: =IF(COUNT($T40:$V40)=0,"",SUM($T40:$V40)) | X40: =IF(ISERROR(IF($W40="","",ROUND(($W40/$W$10)*$X$10,2))),"",IF($W40="","",ROUND(($W40/$W$10)*$X$10,2))) | Y40: =IF($X40="","",ROUND($X40*$Y$10,2)) | Z40: =IF(ISERROR(IF($V40="","",ROUND(SUM($M40,$S40,$Y40),2))),"",IF($V40="","",ROUND(SUM($M40,$S40,$Y40),2))) | AA40: =IF(ISERROR(IF($V40="","",VLOOKUP(Z40,NewTransmu,4,TRUE))),"",IF($V40="","",VLOOKUP(Z40,NewTransmu,4,TRUE))) | AB40: =IF(ISERROR(IF(AA40="","",VLOOKUP(AA40,DESCRIPTORS,4,TRUE))),"",IF(AA40="","",VLOOKUP(AA40,DESCRIPTORS,4,TRUE))) | AV40: =(T40/$T$10)*100 -> 0 | AW40: =(U40/$U$10)*100 -> 0 | AX40: =(V40/$V$10)*100 -> 0
A41: 30 | B41: =INPUT!B41 -> 0 | K41: =IF(COUNT($F41:$J41)=0,"",SUM($F41:$J41)) | L41: =IF(ISERROR(IF($K41="","",ROUND(($K41/$K$10)*$L$10,2))),"",IF($K41="","",ROUND(($K41/$K$10)*$L$10,2))) | M41: =IF($L41="","",ROUND($L41*$M$10,2)) | Q41: =IF(COUNT($N41:$P41)=0,"",SUM($N41:$P41)) | R41: =IF(ISERROR(IF($Q41="","",ROUND(($Q41/$Q$10)*$R$10,2))),"",IF($Q41="","",ROUND(($Q41/$Q$10)*$R$10,2))) | S41: =IF($R41="","",ROUND($R41*$S$10,2)) | W41: =IF(COUNT($T41:$V41)=0,"",SUM($T41:$V41)) | X41: =IF(ISERROR(IF($W41="","",ROUND(($W41/$W$10)*$X$10,2))),"",IF($W41="","",ROUND(($W41/$W$10)*$X$10,2))) | Y41: =IF($X41="","",ROUND($X41*$Y$10,2)) | Z41: =IF(ISERROR(IF($V41="","",ROUND(SUM($M41,$S41,$Y41),2))),"",IF($V41="","",ROUND(SUM($M41,$S41,$Y41),2))) | AA41: =IF(ISERROR(IF($V41="","",VLOOKUP(Z41,NewTransmu,4,TRUE))),"",IF($V41="","",VLOOKUP(Z41,NewTransmu,4,TRUE))) | AB41: =IF(ISERROR(IF(AA41="","",VLOOKUP(AA41,DESCRIPTORS,4,TRUE))),"",IF(AA41="","",VLOOKUP(AA41,DESCRIPTORS,4,TRUE))) | AV41: =(T41/$T$10)*100 -> 0 | AW41: =(U41/$U$10)*100 -> 0 | AX41: =(V41/$V$10)*100 -> 0
A42: 31 | B42: =INPUT!B42 -> 0 | K42: =IF(COUNT($F42:$J42)=0,"",SUM($F42:$J42)) | L42: =IF(ISERROR(IF($K42="","",ROUND(($K42/$K$10)*$L$10,2))),"",IF($K42="","",ROUND(($K42/$K$10)*$L$10,2))) | M42: =IF($L42="","",ROUND($L42*$M$10,2)) | Q42: =IF(COUNT($N42:$P42)=0,"",SUM($N42:$P42)) | R42: =IF(ISERROR(IF($Q42="","",ROUND(($Q42/$Q$10)*$R$10,2))),"",IF($Q42="","",ROUND(($Q42/$Q$10)*$R$10,2))) | S42: =IF($R42="","",ROUND($R42*$S$10,2)) | W42: =IF(COUNT($T42:$V42)=0,"",SUM($T42:$V42)) | X42: =IF(ISERROR(IF($W42="","",ROUND(($W42/$W$10)*$X$10,2))),"",IF($W42="","",ROUND(($W42/$W$10)*$X$10,2))) | Y42: =IF($X42="","",ROUND($X42*$Y$10,2)) | Z42: =IF(ISERROR(IF($V42="","",ROUND(SUM($M42,$S42,$Y42),2))),"",IF($V42="","",ROUND(SUM($M42,$S42,$Y42),2))) | AA42: =IF(ISERROR(IF($V42="","",VLOOKUP(Z42,NewTransmu,4,TRUE))),"",IF($V42="","",VLOOKUP(Z42,NewTransmu,4,TRUE))) | AB42: =IF(ISERROR(IF(AA42="","",VLOOKUP(AA42,DESCRIPTORS,4,TRUE))),"",IF(AA42="","",VLOOKUP(AA42,DESCRIPTORS,4,TRUE))) | AV42: =(T42/$T$10)*100 -> 0 | AW42: =(U42/$U$10)*100 -> 0 | AX42: =(V42/$V$10)*100 -> 0
A43: 32 | B43: =INPUT!B43 -> 0 | K43: =IF(COUNT($F43:$J43)=0,"",SUM($F43:$J43)) | L43: =IF(ISERROR(IF($K43="","",ROUND(($K43/$K$10)*$L$10,2))),"",IF($K43="","",ROUND(($K43/$K$10)*$L$10,2))) | M43: =IF($L43="","",ROUND($L43*$M$10,2)) | Q43: =IF(COUNT($N43:$P43)=0,"",SUM($N43:$P43)) | R43: =IF(ISERROR(IF($Q43="","",ROUND(($Q43/$Q$10)*$R$10,2))),"",IF($Q43="","",ROUND(($Q43/$Q$10)*$R$10,2))) | S43: =IF($R43="","",ROUND($R43*$S$10,2)) | W43: =IF(COUNT($T43:$V43)=0,"",SUM($T43:$V43)) | X43: =IF(ISERROR(IF($W43="","",ROUND(($W43/$W$10)*$X$10,2))),"",IF($W43="","",ROUND(($W43/$W$10)*$X$10,2))) | Y43: =IF($X43="","",ROUND($X43*$Y$10,2)) | Z43: =IF(ISERROR(IF($V43="","",ROUND(SUM($M43,$S43,$Y43),2))),"",IF($V43="","",ROUND(SUM($M43,$S43,$Y43),2))) | AA43: =IF(ISERROR(IF($V43="","",VLOOKUP(Z43,NewTransmu,4,TRUE))),"",IF($V43="","",VLOOKUP(Z43,NewTransmu,4,TRUE))) | AB43: =IF(ISERROR(IF(AA43="","",VLOOKUP(AA43,DESCRIPTORS,4,TRUE))),"",IF(AA43="","",VLOOKUP(AA43,DESCRIPTORS,4,TRUE))) | AV43: =(T43/$T$10)*100 -> 0 | AW43: =(U43/$U$10)*100 -> 0 | AX43: =(V43/$V$10)*100 -> 0
A44: 33 | B44: =INPUT!B44 -> 0 | K44: =IF(COUNT($F44:$J44)=0,"",SUM($F44:$J44)) | L44: =IF(ISERROR(IF($K44="","",ROUND(($K44/$K$10)*$L$10,2))),"",IF($K44="","",ROUND(($K44/$K$10)*$L$10,2))) | M44: =IF($L44="","",ROUND($L44*$M$10,2)) | Q44: =IF(COUNT($N44:$P44)=0,"",SUM($N44:$P44)) | R44: =IF(ISERROR(IF($Q44="","",ROUND(($Q44/$Q$10)*$R$10,2))),"",IF($Q44="","",ROUND(($Q44/$Q$10)*$R$10,2))) | S44: =IF($R44="","",ROUND($R44*$S$10,2)) | W44: =IF(COUNT($T44:$V44)=0,"",SUM($T44:$V44)) | X44: =IF(ISERROR(IF($W44="","",ROUND(($W44/$W$10)*$X$10,2))),"",IF($W44="","",ROUND(($W44/$W$10)*$X$10,2))) | Y44: =IF($X44="","",ROUND($X44*$Y$10,2)) | Z44: =IF(ISERROR(IF($V44="","",ROUND(SUM($M44,$S44,$Y44),2))),"",IF($V44="","",ROUND(SUM($M44,$S44,$Y44),2))) | AA44: =IF(ISERROR(IF($V44="","",VLOOKUP(Z44,NewTransmu,4,TRUE))),"",IF($V44="","",VLOOKUP(Z44,NewTransmu,4,TRUE))) | AB44: =IF(ISERROR(IF(AA44="","",VLOOKUP(AA44,DESCRIPTORS,4,TRUE))),"",IF(AA44="","",VLOOKUP(AA44,DESCRIPTORS,4,TRUE))) | AV44: =(T44/$T$10)*100 -> 0 | AW44: =(U44/$U$10)*100 -> 0 | AX44: =(V44/$V$10)*100 -> 0
... A61: 50 | B61: =INPUT!B61 -> 0 | K61: =IF(COUNT($F61:$J61)=0,"",SUM($F61:$J61)) | L61: =IF(ISERROR(IF($K61="","",ROUND(($K61/$K$10)*$L$10,2))),"",IF($K61="","",ROUND(($K61/$K$10)*$L$10,2))) | M61: =IF($L61="","",ROUND($L61*$M$10,2)) | Q61: =IF(COUNT($N61:$P61)=0,"",SUM($N61:$P61)) | R61: =IF(ISERROR(IF($Q61="","",ROUND(($Q61/$Q$10)*$R$10,2))),"",IF($Q61="","",ROUND(($Q61/$Q$10)*$R$10,2))) | S61: =IF($R61="","",ROUND($R61*$S$10,2)) | W61: =IF(COUNT($T61:$V61)=0,"",SUM($T61:$V61)) | X61: =IF(ISERROR(IF($W61="","",ROUND(($W61/$W$10)*$X$10,2))),"",IF($W61="","",ROUND(($W61/$W$10)*$X$10,2))) | Y61: =IF($X61="","",ROUND($X61*$Y$10,2)) | Z61: =IF(ISERROR(IF($V61="","",ROUND(SUM($M61,$S61,$Y61),2))),"",IF($V61="","",ROUND(SUM($M61,$S61,$Y61),2))) | AA61: =IF(ISERROR(IF($V61="","",VLOOKUP(Z61,NewTransmu,4,TRUE))),"",IF($V61="","",VLOOKUP(Z61,NewTransmu,4,TRUE))) | AB61: =IF(ISERROR(IF(AA61="","",VLOOKUP(AA61,DESCRIPTORS,4,TRUE))),"",IF(AA61="","",VLOOKUP(AA61,DESCRIPTORS,4,TRUE))) | AV61: =(T61/$T$10)*100 -> 0 | AW61: =(U61/$U$10)*100 -> 0 | AX61: =(V61/$V$10)*100 -> 0
B62: FEMALE | AV62: =(T62/$T$10)*100 -> 0 | AW62: =(U62/$U$10)*100 -> 0 | AX62: =(V62/$V$10)*100 -> 0
A63: 1 | B63: =INPUT!B63 -> Alcantara, Angela | F63: 10 | G63: 6 | H63: 7 | K63: =IF(COUNT($F63:$J63)=0,"",SUM($F63:$J63)) -> 23 | L63: =IF(ISERROR(IF($K63="","",ROUND(($K63/$K$10)*$L$10,2))),"",IF($K63="","",ROUND(($K63/$K$10)*$L$10,2))) -> 76.67 | M63: =IF($L63="","",ROUND($L63*$M$10,2)) -> 15.33 | N63: 39 | O63: 88 | Q63: =IF(COUNT($N63:$P63)=0,"",SUM($N63:$P63)) -> 127 | R63: =IF(ISERROR(IF($Q63="","",ROUND(($Q63/$Q$10)*$R$10,2))),"",IF($Q63="","",ROUND(($Q63/$Q$10)*$R$10,2))) -> 84.67 | S63: =IF($R63="","",ROUND($R63*$S$10,2)) -> 42.34 | T63: 25 | U63: 28 | V63: 26 | W63: =IF(COUNT($T63:$V63)=0,"",SUM($T63:$V63)) -> 79 | X63: =IF(ISERROR(IF($W63="","",ROUND(($W63/$W$10)*$X$10,2))),"",IF($W63="","",ROUND(($W63/$W$10)*$X$10,2))) -> 79 | Y63: =IF($X63="","",ROUND($X63*$Y$10,2)) -> 23.7 | Z63: =IF(ISERROR(IF($V63="","",ROUND(SUM($M63,$S63,$Y63),2))),"",IF($V63="","",ROUND(SUM($M63,$S63,$Y63),2))) -> 81.37 | AA63: =IF(ISERROR(IF($V63="","",VLOOKUP(Z63,NewTransmu,4,TRUE))),"",IF($V63="","",VLOOKUP(Z63,NewTransmu,4,TRUE))) -> 83 | AB63: =IF(ISERROR(IF(AA63="","",VLOOKUP(AA63,DESCRIPTORS,4,TRUE))),"",IF(AA63="","",VLOOKUP(AA63,DESCRIPTORS,4,TRUE))) -> Benchmarking | AV63: =(T63/$T$10)*100 -> 83.333333 | AW63: =(U63/$U$10)*100 -> 93.333333 | AX63: =(V63/$V$10)*100 -> 65
A64: 2 | B64: =INPUT!B64 -> Bonifacio, Bea | F64: 6 | G64: 7 | H64: 6 | K64: =IF(COUNT($F64:$J64)=0,"",SUM($F64:$J64)) -> 19 | L64: =IF(ISERROR(IF($K64="","",ROUND(($K64/$K$10)*$L$10,2))),"",IF($K64="","",ROUND(($K64/$K$10)*$L$10,2))) -> 63.33 | M64: =IF($L64="","",ROUND($L64*$M$10,2)) -> 12.67 | N64: 36 | O64: 86 | Q64: =IF(COUNT($N64:$P64)=0,"",SUM($N64:$P64)) -> 122 | R64: =IF(ISERROR(IF($Q64="","",ROUND(($Q64/$Q$10)*$R$10,2))),"",IF($Q64="","",ROUND(($Q64/$Q$10)*$R$10,2))) -> 81.33 | S64: =IF($R64="","",ROUND($R64*$S$10,2)) -> 40.67 | T64: 27 | U64: 28 | V64: 27 | W64: =IF(COUNT($T64:$V64)=0,"",SUM($T64:$V64)) -> 82 | X64: =IF(ISERROR(IF($W64="","",ROUND(($W64/$W$10)*$X$10,2))),"",IF($W64="","",ROUND(($W64/$W$10)*$X$10,2))) -> 82 | Y64: =IF($X64="","",ROUND($X64*$Y$10,2)) -> 24.6 | Z64: =IF(ISERROR(IF($V64="","",ROUND(SUM($M64,$S64,$Y64),2))),"",IF($V64="","",ROUND(SUM($M64,$S64,$Y64),2))) -> 77.94 | AA64: =IF(ISERROR(IF($V64="","",VLOOKUP(Z64,NewTransmu,4,TRUE))),"",IF($V64="","",VLOOKUP(Z64,NewTransmu,4,TRUE))) -> 79 | AB64: =IF(ISERROR(IF(AA64="","",VLOOKUP(AA64,DESCRIPTORS,4,TRUE))),"",IF(AA64="","",VLOOKUP(AA64,DESCRIPTORS,4,TRUE))) -> Connecting | AV64: =(T64/$T$10)*100 -> 90 | AW64: =(U64/$U$10)*100 -> 93.333333 | AX64: =(V64/$V$10)*100 -> 67.5
A65: 3 | B65: =INPUT!B65 -> Cruz, Claire | F65: 8 | G65: 5 | H65: 5 | K65: =IF(COUNT($F65:$J65)=0,"",SUM($F65:$J65)) -> 18 | L65: =IF(ISERROR(IF($K65="","",ROUND(($K65/$K$10)*$L$10,2))),"",IF($K65="","",ROUND(($K65/$K$10)*$L$10,2))) -> 60 | M65: =IF($L65="","",ROUND($L65*$M$10,2)) -> 12 | N65: 47 | O65: 90 | Q65: =IF(COUNT($N65:$P65)=0,"",SUM($N65:$P65)) -> 137 | R65: =IF(ISERROR(IF($Q65="","",ROUND(($Q65/$Q$10)*$R$10,2))),"",IF($Q65="","",ROUND(($Q65/$Q$10)*$R$10,2))) -> 91.33 | S65: =IF($R65="","",ROUND($R65*$S$10,2)) -> 45.67 | T65: 26 | U65: 24 | V65: 34 | W65: =IF(COUNT($T65:$V65)=0,"",SUM($T65:$V65)) -> 84 | X65: =IF(ISERROR(IF($W65="","",ROUND(($W65/$W$10)*$X$10,2))),"",IF($W65="","",ROUND(($W65/$W$10)*$X$10,2))) -> 84 | Y65: =IF($X65="","",ROUND($X65*$Y$10,2)) -> 25.2 | Z65: =IF(ISERROR(IF($V65="","",ROUND(SUM($M65,$S65,$Y65),2))),"",IF($V65="","",ROUND(SUM($M65,$S65,$Y65),2))) -> 82.87 | AA65: =IF(ISERROR(IF($V65="","",VLOOKUP(Z65,NewTransmu,4,TRUE))),"",IF($V65="","",VLOOKUP(Z65,NewTransmu,4,TRUE))) -> 84 | AB65: =IF(ISERROR(IF(AA65="","",VLOOKUP(AA65,DESCRIPTORS,4,TRUE))),"",IF(AA65="","",VLOOKUP(AA65,DESCRIPTORS,4,TRUE))) -> Benchmarking | AV65: =(T65/$T$10)*100 -> 86.666667 | AW65: =(U65/$U$10)*100 -> 80 | AX65: =(V65/$V$10)*100 -> 85
A66: 4 | B66: =INPUT!B66 -> 0 | K66: =IF(COUNT($F66:$J66)=0,"",SUM($F66:$J66)) | L66: =IF(ISERROR(IF($K66="","",ROUND(($K66/$K$10)*$L$10,2))),"",IF($K66="","",ROUND(($K66/$K$10)*$L$10,2))) | M66: =IF($L66="","",ROUND($L66*$M$10,2)) | Q66: =IF(COUNT($N66:$P66)=0,"",SUM($N66:$P66)) | R66: =IF(ISERROR(IF($Q66="","",ROUND(($Q66/$Q$10)*$R$10,2))),"",IF($Q66="","",ROUND(($Q66/$Q$10)*$R$10,2))) | S66: =IF($R66="","",ROUND($R66*$S$10,2)) | W66: =IF(COUNT($T66:$V66)=0,"",SUM($T66:$V66)) | X66: =IF(ISERROR(IF($W66="","",ROUND(($W66/$W$10)*$X$10,2))),"",IF($W66="","",ROUND(($W66/$W$10)*$X$10,2))) | Y66: =IF($X66="","",ROUND($X66*$Y$10,2)) | Z66: =IF(ISERROR(IF($V66="","",ROUND(SUM($M66,$S66,$Y66),2))),"",IF($V66="","",ROUND(SUM($M66,$S66,$Y66),2))) | AA66: =IF(ISERROR(IF($V66="","",VLOOKUP(Z66,NewTransmu,4,TRUE))),"",IF($V66="","",VLOOKUP(Z66,NewTransmu,4,TRUE))) | AB66: =IF(ISERROR(IF(AA66="","",VLOOKUP(AA66,DESCRIPTORS,4,TRUE))),"",IF(AA66="","",VLOOKUP(AA66,DESCRIPTORS,4,TRUE))) | AV66: =(T66/$T$10)*100 -> 0 | AW66: =(U66/$U$10)*100 -> 0 | AX66: =(V66/$V$10)*100 -> 0
A67: 5 | B67: =INPUT!B67 -> 0 | K67: =IF(COUNT($F67:$J67)=0,"",SUM($F67:$J67)) | L67: =IF(ISERROR(IF($K67="","",ROUND(($K67/$K$10)*$L$10,2))),"",IF($K67="","",ROUND(($K67/$K$10)*$L$10,2))) | M67: =IF($L67="","",ROUND($L67*$M$10,2)) | Q67: =IF(COUNT($N67:$P67)=0,"",SUM($N67:$P67)) | R67: =IF(ISERROR(IF($Q67="","",ROUND(($Q67/$Q$10)*$R$10,2))),"",IF($Q67="","",ROUND(($Q67/$Q$10)*$R$10,2))) | S67: =IF($R67="","",ROUND($R67*$S$10,2)) | W67: =IF(COUNT($T67:$V67)=0,"",SUM($T67:$V67)) | X67: =IF(ISERROR(IF($W67="","",ROUND(($W67/$W$10)*$X$10,2))),"",IF($W67="","",ROUND(($W67/$W$10)*$X$10,2))) | Y67: =IF($X67="","",ROUND($X67*$Y$10,2)) | Z67: =IF(ISERROR(IF($V67="","",ROUND(SUM($M67,$S67,$Y67),2))),"",IF($V67="","",ROUND(SUM($M67,$S67,$Y67),2))) | AA67: =IF(ISERROR(IF($V67="","",VLOOKUP(Z67,NewTransmu,4,TRUE))),"",IF($V67="","",VLOOKUP(Z67,NewTransmu,4,TRUE))) | AB67: =IF(ISERROR(IF(AA67="","",VLOOKUP(AA67,DESCRIPTORS,4,TRUE))),"",IF(AA67="","",VLOOKUP(AA67,DESCRIPTORS,4,TRUE))) | AV67: =(T67/$T$10)*100 -> 0 | AW67: =(U67/$U$10)*100 -> 0 | AX67: =(V67/$V$10)*100 -> 0
A68: 6 | B68: =INPUT!B68 -> 0 | K68: =IF(COUNT($F68:$J68)=0,"",SUM($F68:$J68)) | L68: =IF(ISERROR(IF($K68="","",ROUND(($K68/$K$10)*$L$10,2))),"",IF($K68="","",ROUND(($K68/$K$10)*$L$10,2))) | M68: =IF($L68="","",ROUND($L68*$M$10,2)) | Q68: =IF(COUNT($N68:$P68)=0,"",SUM($N68:$P68)) | R68: =IF(ISERROR(IF($Q68="","",ROUND(($Q68/$Q$10)*$R$10,2))),"",IF($Q68="","",ROUND(($Q68/$Q$10)*$R$10,2))) | S68: =IF($R68="","",ROUND($R68*$S$10,2)) | W68: =IF(COUNT($T68:$V68)=0,"",SUM($T68:$V68)) | X68: =IF(ISERROR(IF($W68="","",ROUND(($W68/$W$10)*$X$10,2))),"",IF($W68="","",ROUND(($W68/$W$10)*$X$10,2))) | Y68: =IF($X68="","",ROUND($X68*$Y$10,2)) | Z68: =IF(ISERROR(IF($V68="","",ROUND(SUM($M68,$S68,$Y68),2))),"",IF($V68="","",ROUND(SUM($M68,$S68,$Y68),2))) | AA68: =IF(ISERROR(IF($V68="","",VLOOKUP(Z68,NewTransmu,4,TRUE))),"",IF($V68="","",VLOOKUP(Z68,NewTransmu,4,TRUE))) | AB68: =IF(ISERROR(IF(AA68="","",VLOOKUP(AA68,DESCRIPTORS,4,TRUE))),"",IF(AA68="","",VLOOKUP(AA68,DESCRIPTORS,4,TRUE))) | AV68: =(T68/$T$10)*100 -> 0 | AW68: =(U68/$U$10)*100 -> 0 | AX68: =(V68/$V$10)*100 -> 0
A69: 7 | B69: =INPUT!B69 -> 0 | K69: =IF(COUNT($F69:$J69)=0,"",SUM($F69:$J69)) | L69: =IF(ISERROR(IF($K69="","",ROUND(($K69/$K$10)*$L$10,2))),"",IF($K69="","",ROUND(($K69/$K$10)*$L$10,2))) | M69: =IF($L69="","",ROUND($L69*$M$10,2)) | Q69: =IF(COUNT($N69:$P69)=0,"",SUM($N69:$P69)) | R69: =IF(ISERROR(IF($Q69="","",ROUND(($Q69/$Q$10)*$R$10,2))),"",IF($Q69="","",ROUND(($Q69/$Q$10)*$R$10,2))) | S69: =IF($R69="","",ROUND($R69*$S$10,2)) | W69: =IF(COUNT($T69:$V69)=0,"",SUM($T69:$V69)) | X69: =IF(ISERROR(IF($W69="","",ROUND(($W69/$W$10)*$X$10,2))),"",IF($W69="","",ROUND(($W69/$W$10)*$X$10,2))) | Y69: =IF($X69="","",ROUND($X69*$Y$10,2)) | Z69: =IF(ISERROR(IF($V69="","",ROUND(SUM($M69,$S69,$Y69),2))),"",IF($V69="","",ROUND(SUM($M69,$S69,$Y69),2))) | AA69: =IF(ISERROR(IF($V69="","",VLOOKUP(Z69,NewTransmu,4,TRUE))),"",IF($V69="","",VLOOKUP(Z69,NewTransmu,4,TRUE))) | AB69: =IF(ISERROR(IF(AA69="","",VLOOKUP(AA69,DESCRIPTORS,4,TRUE))),"",IF(AA69="","",VLOOKUP(AA69,DESCRIPTORS,4,TRUE))) | AV69: =(T69/$T$10)*100 -> 0 | AW69: =(U69/$U$10)*100 -> 0 | AX69: =(V69/$V$10)*100 -> 0
A70: 8 | B70: =INPUT!B70 -> 0 | K70: =IF(COUNT($F70:$J70)=0,"",SUM($F70:$J70)) | L70: =IF(ISERROR(IF($K70="","",ROUND(($K70/$K$10)*$L$10,2))),"",IF($K70="","",ROUND(($K70/$K$10)*$L$10,2))) | M70: =IF($L70="","",ROUND($L70*$M$10,2)) | Q70: =IF(COUNT($N70:$P70)=0,"",SUM($N70:$P70)) | R70: =IF(ISERROR(IF($Q70="","",ROUND(($Q70/$Q$10)*$R$10,2))),"",IF($Q70="","",ROUND(($Q70/$Q$10)*$R$10,2))) | S70: =IF($R70="","",ROUND($R70*$S$10,2)) | W70: =IF(COUNT($T70:$V70)=0,"",SUM($T70:$V70)) | X70: =IF(ISERROR(IF($W70="","",ROUND(($W70/$W$10)*$X$10,2))),"",IF($W70="","",ROUND(($W70/$W$10)*$X$10,2))) | Y70: =IF($X70="","",ROUND($X70*$Y$10,2)) | Z70: =IF(ISERROR(IF($V70="","",ROUND(SUM($M70,$S70,$Y70),2))),"",IF($V70="","",ROUND(SUM($M70,$S70,$Y70),2))) | AA70: =IF(ISERROR(IF($V70="","",VLOOKUP(Z70,NewTransmu,4,TRUE))),"",IF($V70="","",VLOOKUP(Z70,NewTransmu,4,TRUE))) | AB70: =IF(ISERROR(IF(AA70="","",VLOOKUP(AA70,DESCRIPTORS,4,TRUE))),"",IF(AA70="","",VLOOKUP(AA70,DESCRIPTORS,4,TRUE))) | AV70: =(T70/$T$10)*100 -> 0 | AW70: =(U70/$U$10)*100 -> 0 | AX70: =(V70/$V$10)*100 -> 0
A71: 9 | B71: =INPUT!B71 -> 0 | K71: =IF(COUNT($F71:$J71)=0,"",SUM($F71:$J71)) | L71: =IF(ISERROR(IF($K71="","",ROUND(($K71/$K$10)*$L$10,2))),"",IF($K71="","",ROUND(($K71/$K$10)*$L$10,2))) | M71: =IF($L71="","",ROUND($L71*$M$10,2)) | Q71: =IF(COUNT($N71:$P71)=0,"",SUM($N71:$P71)) | R71: =IF(ISERROR(IF($Q71="","",ROUND(($Q71/$Q$10)*$R$10,2))),"",IF($Q71="","",ROUND(($Q71/$Q$10)*$R$10,2))) | S71: =IF($R71="","",ROUND($R71*$S$10,2)) | W71: =IF(COUNT($T71:$V71)=0,"",SUM($T71:$V71)) | X71: =IF(ISERROR(IF($W71="","",ROUND(($W71/$W$10)*$X$10,2))),"",IF($W71="","",ROUND(($W71/$W$10)*$X$10,2))) | Y71: =IF($X71="","",ROUND($X71*$Y$10,2)) | Z71: =IF(ISERROR(IF($V71="","",ROUND(SUM($M71,$S71,$Y71),2))),"",IF($V71="","",ROUND(SUM($M71,$S71,$Y71),2))) | AA71: =IF(ISERROR(IF($V71="","",VLOOKUP(Z71,NewTransmu,4,TRUE))),"",IF($V71="","",VLOOKUP(Z71,NewTransmu,4,TRUE))) | AB71: =IF(ISERROR(IF(AA71="","",VLOOKUP(AA71,DESCRIPTORS,4,TRUE))),"",IF(AA71="","",VLOOKUP(AA71,DESCRIPTORS,4,TRUE))) | AV71: =(T71/$T$10)*100 -> 0 | AW71: =(U71/$U$10)*100 -> 0 | AX71: =(V71/$V$10)*100 -> 0
A72: 10 | B72: =INPUT!B72 -> 0 | K72: =IF(COUNT($F72:$J72)=0,"",SUM($F72:$J72)) | L72: =IF(ISERROR(IF($K72="","",ROUND(($K72/$K$10)*$L$10,2))),"",IF($K72="","",ROUND(($K72/$K$10)*$L$10,2))) | M72: =IF($L72="","",ROUND($L72*$M$10,2)) | Q72: =IF(COUNT($N72:$P72)=0,"",SUM($N72:$P72)) | R72: =IF(ISERROR(IF($Q72="","",ROUND(($Q72/$Q$10)*$R$10,2))),"",IF($Q72="","",ROUND(($Q72/$Q$10)*$R$10,2))) | S72: =IF($R72="","",ROUND($R72*$S$10,2)) | W72: =IF(COUNT($T72:$V72)=0,"",SUM($T72:$V72)) | X72: =IF(ISERROR(IF($W72="","",ROUND(($W72/$W$10)*$X$10,2))),"",IF($W72="","",ROUND(($W72/$W$10)*$X$10,2))) | Y72: =IF($X72="","",ROUND($X72*$Y$10,2)) | Z72: =IF(ISERROR(IF($V72="","",ROUND(SUM($M72,$S72,$Y72),2))),"",IF($V72="","",ROUND(SUM($M72,$S72,$Y72),2))) | AA72: =IF(ISERROR(IF($V72="","",VLOOKUP(Z72,NewTransmu,4,TRUE))),"",IF($V72="","",VLOOKUP(Z72,NewTransmu,4,TRUE))) | AB72: =IF(ISERROR(IF(AA72="","",VLOOKUP(AA72,DESCRIPTORS,4,TRUE))),"",IF(AA72="","",VLOOKUP(AA72,DESCRIPTORS,4,TRUE))) | AV72: =(T72/$T$10)*100 -> 0 | AW72: =(U72/$U$10)*100 -> 0 | AX72: =(V72/$V$10)*100 -> 0
A73: 11 | B73: =INPUT!B73 -> 0 | K73: =IF(COUNT($F73:$J73)=0,"",SUM($F73:$J73)) | L73: =IF(ISERROR(IF($K73="","",ROUND(($K73/$K$10)*$L$10,2))),"",IF($K73="","",ROUND(($K73/$K$10)*$L$10,2))) | M73: =IF($L73="","",ROUND($L73*$M$10,2)) | Q73: =IF(COUNT($N73:$P73)=0,"",SUM($N73:$P73)) | R73: =IF(ISERROR(IF($Q73="","",ROUND(($Q73/$Q$10)*$R$10,2))),"",IF($Q73="","",ROUND(($Q73/$Q$10)*$R$10,2))) | S73: =IF($R73="","",ROUND($R73*$S$10,2)) | W73: =IF(COUNT($T73:$V73)=0,"",SUM($T73:$V73)) | X73: =IF(ISERROR(IF($W73="","",ROUND(($W73/$W$10)*$X$10,2))),"",IF($W73="","",ROUND(($W73/$W$10)*$X$10,2))) | Y73: =IF($X73="","",ROUND($X73*$Y$10,2)) | Z73: =IF(ISERROR(IF($V73="","",ROUND(SUM($M73,$S73,$Y73),2))),"",IF($V73="","",ROUND(SUM($M73,$S73,$Y73),2))) | AA73: =IF(ISERROR(IF($V73="","",VLOOKUP(Z73,NewTransmu,4,TRUE))),"",IF($V73="","",VLOOKUP(Z73,NewTransmu,4,TRUE))) | AB73: =IF(ISERROR(IF(AA73="","",VLOOKUP(AA73,DESCRIPTORS,4,TRUE))),"",IF(AA73="","",VLOOKUP(AA73,DESCRIPTORS,4,TRUE))) | AV73: =(T73/$T$10)*100 -> 0 | AW73: =(U73/$U$10)*100 -> 0 | AX73: =(V73/$V$10)*100 -> 0
A74: 12 | B74: =INPUT!B74 -> 0 | K74: =IF(COUNT($F74:$J74)=0,"",SUM($F74:$J74)) | L74: =IF(ISERROR(IF($K74="","",ROUND(($K74/$K$10)*$L$10,2))),"",IF($K74="","",ROUND(($K74/$K$10)*$L$10,2))) | M74: =IF($L74="","",ROUND($L74*$M$10,2)) | Q74: =IF(COUNT($N74:$P74)=0,"",SUM($N74:$P74)) | R74: =IF(ISERROR(IF($Q74="","",ROUND(($Q74/$Q$10)*$R$10,2))),"",IF($Q74="","",ROUND(($Q74/$Q$10)*$R$10,2))) | S74: =IF($R74="","",ROUND($R74*$S$10,2)) | W74: =IF(COUNT($T74:$V74)=0,"",SUM($T74:$V74)) | X74: =IF(ISERROR(IF($W74="","",ROUND(($W74/$W$10)*$X$10,2))),"",IF($W74="","",ROUND(($W74/$W$10)*$X$10,2))) | Y74: =IF($X74="","",ROUND($X74*$Y$10,2)) | Z74: =IF(ISERROR(IF($V74="","",ROUND(SUM($M74,$S74,$Y74),2))),"",IF($V74="","",ROUND(SUM($M74,$S74,$Y74),2))) | AA74: =IF(ISERROR(IF($V74="","",VLOOKUP(Z74,NewTransmu,4,TRUE))),"",IF($V74="","",VLOOKUP(Z74,NewTransmu,4,TRUE))) | AB74: =IF(ISERROR(IF(AA74="","",VLOOKUP(AA74,DESCRIPTORS,4,TRUE))),"",IF(AA74="","",VLOOKUP(AA74,DESCRIPTORS,4,TRUE))) | AV74: =(T74/$T$10)*100 -> 0 | AW74: =(U74/$U$10)*100 -> 0 | AX74: =(V74/$V$10)*100 -> 0
A75: 13 | B75: =INPUT!B75 -> 0 | K75: =IF(COUNT($F75:$J75)=0,"",SUM($F75:$J75)) | L75: =IF(ISERROR(IF($K75="","",ROUND(($K75/$K$10)*$L$10,2))),"",IF($K75="","",ROUND(($K75/$K$10)*$L$10,2))) | M75: =IF($L75="","",ROUND($L75*$M$10,2)) | Q75: =IF(COUNT($N75:$P75)=0,"",SUM($N75:$P75)) | R75: =IF(ISERROR(IF($Q75="","",ROUND(($Q75/$Q$10)*$R$10,2))),"",IF($Q75="","",ROUND(($Q75/$Q$10)*$R$10,2))) | S75: =IF($R75="","",ROUND($R75*$S$10,2)) | W75: =IF(COUNT($T75:$V75)=0,"",SUM($T75:$V75)) | X75: =IF(ISERROR(IF($W75="","",ROUND(($W75/$W$10)*$X$10,2))),"",IF($W75="","",ROUND(($W75/$W$10)*$X$10,2))) | Y75: =IF($X75="","",ROUND($X75*$Y$10,2)) | Z75: =IF(ISERROR(IF($V75="","",ROUND(SUM($M75,$S75,$Y75),2))),"",IF($V75="","",ROUND(SUM($M75,$S75,$Y75),2))) | AA75: =IF(ISERROR(IF($V75="","",VLOOKUP(Z75,NewTransmu,4,TRUE))),"",IF($V75="","",VLOOKUP(Z75,NewTransmu,4,TRUE))) | AB75: =IF(ISERROR(IF(AA75="","",VLOOKUP(AA75,DESCRIPTORS,4,TRUE))),"",IF(AA75="","",VLOOKUP(AA75,DESCRIPTORS,4,TRUE))) | AV75: =(T75/$T$10)*100 -> 0 | AW75: =(U75/$U$10)*100 -> 0 | AX75: =(V75/$V$10)*100 -> 0
A76: 14 | B76: =INPUT!B76 -> 0 | K76: =IF(COUNT($F76:$J76)=0,"",SUM($F76:$J76)) | L76: =IF(ISERROR(IF($K76="","",ROUND(($K76/$K$10)*$L$10,2))),"",IF($K76="","",ROUND(($K76/$K$10)*$L$10,2))) | M76: =IF($L76="","",ROUND($L76*$M$10,2)) | Q76: =IF(COUNT($N76:$P76)=0,"",SUM($N76:$P76)) | R76: =IF(ISERROR(IF($Q76="","",ROUND(($Q76/$Q$10)*$R$10,2))),"",IF($Q76="","",ROUND(($Q76/$Q$10)*$R$10,2))) | S76: =IF($R76="","",ROUND($R76*$S$10,2)) | W76: =IF(COUNT($T76:$V76)=0,"",SUM($T76:$V76)) | X76: =IF(ISERROR(IF($W76="","",ROUND(($W76/$W$10)*$X$10,2))),"",IF($W76="","",ROUND(($W76/$W$10)*$X$10,2))) | Y76: =IF($X76="","",ROUND($X76*$Y$10,2)) | Z76: =IF(ISERROR(IF($V76="","",ROUND(SUM($M76,$S76,$Y76),2))),"",IF($V76="","",ROUND(SUM($M76,$S76,$Y76),2))) | AA76: =IF(ISERROR(IF($V76="","",VLOOKUP(Z76,NewTransmu,4,TRUE))),"",IF($V76="","",VLOOKUP(Z76,NewTransmu,4,TRUE))) | AB76: =IF(ISERROR(IF(AA76="","",VLOOKUP(AA76,DESCRIPTORS,4,TRUE))),"",IF(AA76="","",VLOOKUP(AA76,DESCRIPTORS,4,TRUE))) | AV76: =(T76/$T$10)*100 -> 0 | AW76: =(U76/$U$10)*100 -> 0 | AX76: =(V76/$V$10)*100 -> 0
A77: 15 | B77: =INPUT!B77 -> 0 | K77: =IF(COUNT($F77:$J77)=0,"",SUM($F77:$J77)) | L77: =IF(ISERROR(IF($K77="","",ROUND(($K77/$K$10)*$L$10,2))),"",IF($K77="","",ROUND(($K77/$K$10)*$L$10,2))) | M77: =IF($L77="","",ROUND($L77*$M$10,2)) | Q77: =IF(COUNT($N77:$P77)=0,"",SUM($N77:$P77)) | R77: =IF(ISERROR(IF($Q77="","",ROUND(($Q77/$Q$10)*$R$10,2))),"",IF($Q77="","",ROUND(($Q77/$Q$10)*$R$10,2))) | S77: =IF($R77="","",ROUND($R77*$S$10,2)) | W77: =IF(COUNT($T77:$V77)=0,"",SUM($T77:$V77)) | X77: =IF(ISERROR(IF($W77="","",ROUND(($W77/$W$10)*$X$10,2))),"",IF($W77="","",ROUND(($W77/$W$10)*$X$10,2))) | Y77: =IF($X77="","",ROUND($X77*$Y$10,2)) | Z77: =IF(ISERROR(IF($V77="","",ROUND(SUM($M77,$S77,$Y77),2))),"",IF($V77="","",ROUND(SUM($M77,$S77,$Y77),2))) | AA77: =IF(ISERROR(IF($V77="","",VLOOKUP(Z77,NewTransmu,4,TRUE))),"",IF($V77="","",VLOOKUP(Z77,NewTransmu,4,TRUE))) | AB77: =IF(ISERROR(IF(AA77="","",VLOOKUP(AA77,DESCRIPTORS,4,TRUE))),"",IF(AA77="","",VLOOKUP(AA77,DESCRIPTORS,4,TRUE))) | AV77: =(T77/$T$10)*100 -> 0 | AW77: =(U77/$U$10)*100 -> 0 | AX77: =(V77/$V$10)*100 -> 0
... A112: 50 | B112: =INPUT!B112 -> 0 | K112: =IF(COUNT($F112:$J112)=0,"",SUM($F112:$J112)) | L112: =IF(ISERROR(IF($K112="","",ROUND(($K112/$K$10)*$L$10,2))),"",IF($K112="","",ROUND(($K112/$K$10)*$L$10,2))) | M112: =IF($L112="","",ROUND($L112*$M$10,2)) | Q112: =IF(COUNT($N112:$P112)=0,"",SUM($N112:$P112)) | R112: =IF(ISERROR(IF($Q112="","",ROUND(($Q112/$Q$10)*$R$10,2))),"",IF($Q112="","",ROUND(($Q112/$Q$10)*$R$10,2))) | S112: =IF($R112="","",ROUND($R112*$S$10,2)) | W112: =IF(COUNT($T112:$V112)=0,"",SUM($T112:$V112)) | X112: =IF(ISERROR(IF($W112="","",ROUND(($W112/$W$10)*$X$10,2))),"",IF($W112="","",ROUND(($W112/$W$10)*$X$10,2))) | Y112: =IF($X112="","",ROUND($X112*$Y$10,2)) | Z112: =IF(ISERROR(IF($V112="","",ROUND(SUM($M112,$S112,$Y112),2))),"",IF($V112="","",ROUND(SUM($M112,$S112,$Y112),2))) | AA112: =IF(ISERROR(IF($V112="","",VLOOKUP(Z112,NewTransmu,4,TRUE))),"",IF($V112="","",VLOOKUP(Z112,NewTransmu,4,TRUE))) | AB112: =IF(ISERROR(IF(AA112="","",VLOOKUP(AA112,DESCRIPTORS,4,TRUE))),"",IF(AA112="","",VLOOKUP(AA112,DESCRIPTORS,4,TRUE))) | AV112: =(T112/$T$10)*100 -> 0 | AW112: =(U112/$U$10)*100 -> 0 | AX112: =(V112/$V$10)*100 -> 0

Sheet SUMMARY OF GRADES
A1: Summary of Quarterly Grades
B5: REGION | G5: =INPUT!G4 -> 0 | L5: DIVISION | O5: =INPUT!L4 -> 0
B6: SCHOOL NAME | G6: =INPUT!G5 -> 0 | S6: SCHOOL ID | W6: =INPUT!S5 -> 0
B8: LEARNERS' NAMES | F8: GRADE & SECTION: | K8: =INPUT!J7 -> 0 | S8: SCHOOL YEAR: | W8: =INPUT!Y5 -> 0
F9: TEACHER: | K9: =INPUT!Q7 -> 0 | S9: SUBJECT: | W9: =INPUT!Y7 -> Science
F10: TERM 1 | J10: TERM 2 | N10: TERM 3 | R10: FINAL GRADE | V10: DESCRIPTOR | Z10: REMARK
B12: MALE
A13: 1 | B13: =INPUT!B12 -> Alvarez, Neitan | F13: =TERM1!AA12 -> 72 | J13: =TERM2!AA12 -> 86 | N13: =TERM3!AA12 -> 88 | R13: =IF(OR(F13="",J13="",N13=""),"",IF(ISERROR(ROUND(AVERAGE(F13,J13,N13),0)),"",ROUND(AVERAGE(F13,J13,N13),0))) -> 82 | V13: =IF(ISERROR(IF(R13="","",VLOOKUP(R13,DESCRIPTORS,4,TRUE))),"",IF(R13="","",VLOOKUP(R13,DESCRIPTORS,4,TRUE))) -> Benchmarking | Z13: =IF(OR($F13="",$J13="",$N13="",$R13=""),"",IF($R13>=75,"PASSED","FAILED")) -> PASSED
A14: 2 | B14: =INPUT!B13 -> Bautista, Mark | F14: =TERM1!AA13 -> 89 | J14: =TERM2!AA13 -> 85 | N14: =TERM3!AA13 -> 81 | R14: =IF(OR(F14="",J14="",N14=""),"",IF(ISERROR(ROUND(AVERAGE(F14,J14,N14),0)),"",ROUND(AVERAGE(F14,J14,N14),0))) -> 85 | V14: =IF(ISERROR(IF(R14="","",VLOOKUP(R14,DESCRIPTORS,4,TRUE))),"",IF(R14="","",VLOOKUP(R14,DESCRIPTORS,4,TRUE))) -> Benchmarking | Z14: =IF(OR($F14="",$J14="",$N14="",$R14=""),"",IF($R14>=75,"PASSED","FAILED")) -> PASSED
A15: 3 | B15: =INPUT!B14 -> Castro, Daniel | F15: =TERM1!AA14 -> 90 | J15: =TERM2!AA14 -> 81 | N15: =TERM3!AA14 -> 86 | R15: =IF(OR(F15="",J15="",N15=""),"",IF(ISERROR(ROUND(AVERAGE(F15,J15,N15),0)),"",ROUND(AVERAGE(F15,J15,N15),0))) -> 86 | V15: =IF(ISERROR(IF(R15="","",VLOOKUP(R15,DESCRIPTORS,4,TRUE))),"",IF(R15="","",VLOOKUP(R15,DESCRIPTORS,4,TRUE))) -> Benchmarking | Z15: =IF(OR($F15="",$J15="",$N15="",$R15=""),"",IF($R15>=75,"PASSED","FAILED")) -> PASSED
A16: 4 | B16: =INPUT!B15 -> 0 | F16: =TERM1!AA15 | J16: =TERM2!AA15 | N16: =TERM3!AA15 | R16: =IF(OR(F16="",J16="",N16=""),"",IF(ISERROR(ROUND(AVERAGE(F16,J16,N16),0)),"",ROUND(AVERAGE(F16,J16,N16),0))) | V16: =IF(ISERROR(IF(R16="","",VLOOKUP(R16,DESCRIPTORS,4,TRUE))),"",IF(R16="","",VLOOKUP(R16,DESCRIPTORS,4,TRUE))) | Z16: =IF(OR($F16="",$J16="",$N16="",$R16=""),"",IF($R16>=75,"PASSED","FAILED"))
A17: 5 | B17: =INPUT!B16 -> 0 | F17: =TERM1!AA16 | J17: =TERM2!AA16 | N17: =TERM3!AA16 | R17: =IF(OR(F17="",J17="",N17=""),"",IF(ISERROR(ROUND(AVERAGE(F17,J17,N17),0)),"",ROUND(AVERAGE(F17,J17,N17),0))) | V17: =IF(ISERROR(IF(R17="","",VLOOKUP(R17,DESCRIPTORS,4,TRUE))),"",IF(R17="","",VLOOKUP(R17,DESCRIPTORS,4,TRUE))) | Z17: =IF(OR($F17="",$J17="",$N17="",$R17=""),"",IF($R17>=75,"PASSED","FAILED"))
A18: 6 | B18: =INPUT!B17 -> 0 | F18: =TERM1!AA17 | J18: =TERM2!AA17 | N18: =TERM3!AA17 | R18: =IF(OR(F18="",J18="",N18=""),"",IF(ISERROR(ROUND(AVERAGE(F18,J18,N18),0)),"",ROUND(AVERAGE(F18,J18,N18),0))) | V18: =IF(ISERROR(IF(R18="","",VLOOKUP(R18,DESCRIPTORS,4,TRUE))),"",IF(R18="","",VLOOKUP(R18,DESCRIPTORS,4,TRUE))) | Z18: =IF(OR($F18="",$J18="",$N18="",$R18=""),"",IF($R18>=75,"PASSED","FAILED"))
A19: 7 | B19: =INPUT!B18 -> 0 | F19: =TERM1!AA18 | J19: =TERM2!AA18 | N19: =TERM3!AA18 | R19: =IF(OR(F19="",J19="",N19=""),"",IF(ISERROR(ROUND(AVERAGE(F19,J19,N19),0)),"",ROUND(AVERAGE(F19,J19,N19),0))) | V19: =IF(ISERROR(IF(R19="","",VLOOKUP(R19,DESCRIPTORS,4,TRUE))),"",IF(R19="","",VLOOKUP(R19,DESCRIPTORS,4,TRUE))) | Z19: =IF(OR($F19="",$J19="",$N19="",$R19=""),"",IF($R19>=75,"PASSED","FAILED"))
A20: 8 | B20: =INPUT!B19 -> 0 | D20: 0 | F20: =TERM1!AA19 | J20: =TERM2!AA19 | N20: =TERM3!AA19 | R20: =IF(OR(F20="",J20="",N20=""),"",IF(ISERROR(ROUND(AVERAGE(F20,J20,N20),0)),"",ROUND(AVERAGE(F20,J20,N20),0))) | V20: =IF(ISERROR(IF(R20="","",VLOOKUP(R20,DESCRIPTORS,4,TRUE))),"",IF(R20="","",VLOOKUP(R20,DESCRIPTORS,4,TRUE))) | Z20: =IF(OR($F20="",$J20="",$N20="",$R20=""),"",IF($R20>=75,"PASSED","FAILED"))
A21: 9 | B21: =INPUT!B20 -> 0 | F21: =TERM1!AA20 | J21: =TERM2!AA20 | N21: =TERM3!AA20 | R21: =IF(OR(F21="",J21="",N21=""),"",IF(ISERROR(ROUND(AVERAGE(F21,J21,N21),0)),"",ROUND(AVERAGE(F21,J21,N21),0))) | V21: =IF(ISERROR(IF(R21="","",VLOOKUP(R21,DESCRIPTORS,4,TRUE))),"",IF(R21="","",VLOOKUP(R21,DESCRIPTORS,4,TRUE))) | Z21: =IF(OR($F21="",$J21="",$N21="",$R21=""),"",IF($R21>=75,"PASSED","FAILED"))
A22: 10 | B22: =INPUT!B21 -> 0 | F22: =TERM1!AA21 | J22: =TERM2!AA21 | N22: =TERM3!AA21 | R22: =IF(OR(F22="",J22="",N22=""),"",IF(ISERROR(ROUND(AVERAGE(F22,J22,N22),0)),"",ROUND(AVERAGE(F22,J22,N22),0))) | V22: =IF(ISERROR(IF(R22="","",VLOOKUP(R22,DESCRIPTORS,4,TRUE))),"",IF(R22="","",VLOOKUP(R22,DESCRIPTORS,4,TRUE))) | Z22: =IF(OR($F22="",$J22="",$N22="",$R22=""),"",IF($R22>=75,"PASSED","FAILED"))
A23: 11 | B23: =INPUT!B22 -> 0 | D23: 0 | F23: =TERM1!AA22 | J23: =TERM2!AA22 | N23: =TERM3!AA22 | R23: =IF(OR(F23="",J23="",N23=""),"",IF(ISERROR(ROUND(AVERAGE(F23,J23,N23),0)),"",ROUND(AVERAGE(F23,J23,N23),0))) | V23: =IF(ISERROR(IF(R23="","",VLOOKUP(R23,DESCRIPTORS,4,TRUE))),"",IF(R23="","",VLOOKUP(R23,DESCRIPTORS,4,TRUE))) | Z23: =IF(OR($F23="",$J23="",$N23="",$R23=""),"",IF($R23>=75,"PASSED","FAILED"))
A24: 12 | B24: =INPUT!B23 -> 0 | F24: =TERM1!AA23 | J24: =TERM2!AA23 | N24: =TERM3!AA23 | R24: =IF(OR(F24="",J24="",N24=""),"",IF(ISERROR(ROUND(AVERAGE(F24,J24,N24),0)),"",ROUND(AVERAGE(F24,J24,N24),0))) | V24: =IF(ISERROR(IF(R24="","",VLOOKUP(R24,DESCRIPTORS,4,TRUE))),"",IF(R24="","",VLOOKUP(R24,DESCRIPTORS,4,TRUE))) | Z24: =IF(OR($F24="",$J24="",$N24="",$R24=""),"",IF($R24>=75,"PASSED","FAILED"))
A25: 13 | B25: =INPUT!B24 -> 0 | F25: =TERM1!AA24 | J25: =TERM2!AA24 | N25: =TERM3!AA24 | R25: =IF(OR(F25="",J25="",N25=""),"",IF(ISERROR(ROUND(AVERAGE(F25,J25,N25),0)),"",ROUND(AVERAGE(F25,J25,N25),0))) | V25: =IF(ISERROR(IF(R25="","",VLOOKUP(R25,DESCRIPTORS,4,TRUE))),"",IF(R25="","",VLOOKUP(R25,DESCRIPTORS,4,TRUE))) | Z25: =IF(OR($F25="",$J25="",$N25="",$R25=""),"",IF($R25>=75,"PASSED","FAILED"))
A26: 14 | B26: =INPUT!B25 -> 0 | F26: =TERM1!AA25 | J26: =TERM2!AA25 | N26: =TERM3!AA25 | R26: =IF(OR(F26="",J26="",N26=""),"",IF(ISERROR(ROUND(AVERAGE(F26,J26,N26),0)),"",ROUND(AVERAGE(F26,J26,N26),0))) | V26: =IF(ISERROR(IF(R26="","",VLOOKUP(R26,DESCRIPTORS,4,TRUE))),"",IF(R26="","",VLOOKUP(R26,DESCRIPTORS,4,TRUE))) | Z26: =IF(OR($F26="",$J26="",$N26="",$R26=""),"",IF($R26>=75,"PASSED","FAILED"))
A27: 15 | B27: =INPUT!B26 -> 0 | F27: =TERM1!AA26 | J27: =TERM2!AA26 | N27: =TERM3!AA26 | R27: =IF(OR(F27="",J27="",N27=""),"",IF(ISERROR(ROUND(AVERAGE(F27,J27,N27),0)),"",ROUND(AVERAGE(F27,J27,N27),0))) | V27: =IF(ISERROR(IF(R27="","",VLOOKUP(R27,DESCRIPTORS,4,TRUE))),"",IF(R27="","",VLOOKUP(R27,DESCRIPTORS,4,TRUE))) | Z27: =IF(OR($F27="",$J27="",$N27="",$R27=""),"",IF($R27>=75,"PASSED","FAILED"))
A28: 16 | B28: =INPUT!B27 -> 0 | F28: =TERM1!AA27 | J28: =TERM2!AA27 | N28: =TERM3!AA27 | R28: =IF(OR(F28="",J28="",N28=""),"",IF(ISERROR(ROUND(AVERAGE(F28,J28,N28),0)),"",ROUND(AVERAGE(F28,J28,N28),0))) | V28: =IF(ISERROR(IF(R28="","",VLOOKUP(R28,DESCRIPTORS,4,TRUE))),"",IF(R28="","",VLOOKUP(R28,DESCRIPTORS,4,TRUE))) | Z28: =IF(OR($F28="",$J28="",$N28="",$R28=""),"",IF($R28>=75,"PASSED","FAILED"))
A29: 17 | B29: =INPUT!B28 -> 0 | F29: =TERM1!AA28 | J29: =TERM2!AA28 | N29: =TERM3!AA28 | R29: =IF(OR(F29="",J29="",N29=""),"",IF(ISERROR(ROUND(AVERAGE(F29,J29,N29),0)),"",ROUND(AVERAGE(F29,J29,N29),0))) | V29: =IF(ISERROR(IF(R29="","",VLOOKUP(R29,DESCRIPTORS,4,TRUE))),"",IF(R29="","",VLOOKUP(R29,DESCRIPTORS,4,TRUE))) | Z29: =IF(OR($F29="",$J29="",$N29="",$R29=""),"",IF($R29>=75,"PASSED","FAILED"))
A30: 18 | B30: =INPUT!B29 -> 0 | F30: =TERM1!AA29 | J30: =TERM2!AA29 | N30: =TERM3!AA29 | R30: =IF(OR(F30="",J30="",N30=""),"",IF(ISERROR(ROUND(AVERAGE(F30,J30,N30),0)),"",ROUND(AVERAGE(F30,J30,N30),0))) | V30: =IF(ISERROR(IF(R30="","",VLOOKUP(R30,DESCRIPTORS,4,TRUE))),"",IF(R30="","",VLOOKUP(R30,DESCRIPTORS,4,TRUE))) | Z30: =IF(OR($F30="",$J30="",$N30="",$R30=""),"",IF($R30>=75,"PASSED","FAILED"))
A31: 19 | B31: =INPUT!B30 -> 0 | F31: =TERM1!AA30 | J31: =TERM2!AA30 | N31: =TERM3!AA30 | R31: =IF(OR(F31="",J31="",N31=""),"",IF(ISERROR(ROUND(AVERAGE(F31,J31,N31),0)),"",ROUND(AVERAGE(F31,J31,N31),0))) | V31: =IF(ISERROR(IF(R31="","",VLOOKUP(R31,DESCRIPTORS,4,TRUE))),"",IF(R31="","",VLOOKUP(R31,DESCRIPTORS,4,TRUE))) | Z31: =IF(OR($F31="",$J31="",$N31="",$R31=""),"",IF($R31>=75,"PASSED","FAILED"))
A32: 20 | B32: =INPUT!B31 -> 0 | F32: =TERM1!AA31 | J32: =TERM2!AA31 | N32: =TERM3!AA31 | R32: =IF(OR(F32="",J32="",N32=""),"",IF(ISERROR(ROUND(AVERAGE(F32,J32,N32),0)),"",ROUND(AVERAGE(F32,J32,N32),0))) | V32: =IF(ISERROR(IF(R32="","",VLOOKUP(R32,DESCRIPTORS,4,TRUE))),"",IF(R32="","",VLOOKUP(R32,DESCRIPTORS,4,TRUE))) | Z32: =IF(OR($F32="",$J32="",$N32="",$R32=""),"",IF($R32>=75,"PASSED","FAILED"))
A33: 21 | B33: =INPUT!B32 -> 0 | F33: =TERM1!AA32 | J33: =TERM2!AA32 | N33: =TERM3!AA32 | R33: =IF(OR(F33="",J33="",N33=""),"",IF(ISERROR(ROUND(AVERAGE(F33,J33,N33),0)),"",ROUND(AVERAGE(F33,J33,N33),0))) | V33: =IF(ISERROR(IF(R33="","",VLOOKUP(R33,DESCRIPTORS,4,TRUE))),"",IF(R33="","",VLOOKUP(R33,DESCRIPTORS,4,TRUE))) | Z33: =IF(OR($F33="",$J33="",$N33="",$R33=""),"",IF($R33>=75,"PASSED","FAILED"))
A34: 22 | B34: =INPUT!B33 -> 0 | F34: =TERM1!AA33 | J34: =TERM2!AA33 | N34: =TERM3!AA33 | R34: =IF(OR(F34="",J34="",N34=""),"",IF(ISERROR(ROUND(AVERAGE(F34,J34,N34),0)),"",ROUND(AVERAGE(F34,J34,N34),0))) | V34: =IF(ISERROR(IF(R34="","",VLOOKUP(R34,DESCRIPTORS,4,TRUE))),"",IF(R34="","",VLOOKUP(R34,DESCRIPTORS,4,TRUE))) | Z34: =IF(OR($F34="",$J34="",$N34="",$R34=""),"",IF($R34>=75,"PASSED","FAILED"))
A35: 23 | B35: =INPUT!B34 -> 0 | F35: =TERM1!AA34 | J35: =TERM2!AA34 | N35: =TERM3!AA34 | R35: =IF(OR(F35="",J35="",N35=""),"",IF(ISERROR(ROUND(AVERAGE(F35,J35,N35),0)),"",ROUND(AVERAGE(F35,J35,N35),0))) | V35: =IF(ISERROR(IF(R35="","",VLOOKUP(R35,DESCRIPTORS,4,TRUE))),"",IF(R35="","",VLOOKUP(R35,DESCRIPTORS,4,TRUE))) | Z35: =IF(OR($F35="",$J35="",$N35="",$R35=""),"",IF($R35>=75,"PASSED","FAILED"))
... A61: 49 | B61: =INPUT!B60 -> 0 | F61: =TERM1!AA60 | J61: =TERM2!AA60 | N61: =TERM3!AA60 | R61: =IF(OR(F61="",J61="",N61=""),"",IF(ISERROR(ROUND(AVERAGE(F61,J61,N61),0)),"",ROUND(AVERAGE(F61,J61,N61),0))) | V61: =IF(ISERROR(IF(R61="","",VLOOKUP(R61,DESCRIPTORS,4,TRUE))),"",IF(R61="","",VLOOKUP(R61,DESCRIPTORS,4,TRUE))) | Z61: =IF(OR($F61="",$J61="",$N61="",$R61=""),"",IF($R61>=75,"PASSED","FAILED"))
A62: 50 | B62: =INPUT!B61 -> 0 | C62: 0 | F62: =TERM1!AA61 | J62: =TERM2!AA61 | N62: =TERM3!AA61 | R62: =IF(OR(F62="",J62="",N62=""),"",IF(ISERROR(ROUND(AVERAGE(F62,J62,N62),0)),"",ROUND(AVERAGE(F62,J62,N62),0))) | V62: =IF(ISERROR(IF(R62="","",VLOOKUP(R62,DESCRIPTORS,4,TRUE))),"",IF(R62="","",VLOOKUP(R62,DESCRIPTORS,4,TRUE))) | Z62: =IF(OR($F62="",$J62="",$N62="",$R62=""),"",IF($R62>=75,"PASSED","FAILED"))
B63: FEMALE | V63: =IF(OR(F63="",J63="",N63="",R63=""),"",IF(ISERROR(ROUND(AVERAGE(F63,J63,N63,R63),0)),"",ROUND(AVERAGE(F63,J63,N63,R63),0))) | Z63: =IF(OR($F63="",$J63="",$N63="",$R63="",$V63=""),"",IF($V63>=75,"PASSED","FAILED"))
A64: 1 | B64: =INPUT!B63 -> Alcantara, Angela | F64: =TERM1!AA63 -> 89 | J64: =TERM2!AA63 -> 82 | N64: =TERM3!AA63 -> 83 | R64: =IF(OR(F64="",J64="",N64=""),"",IF(ISERROR(ROUND(AVERAGE(F64,J64,N64),0)),"",ROUND(AVERAGE(F64,J64,N64),0))) -> 85 | V64: =IF(ISERROR(IF(R64="","",VLOOKUP(R64,DESCRIPTORS,4,TRUE))),"",IF(R64="","",VLOOKUP(R64,DESCRIPTORS,4,TRUE))) -> Benchmarking | Z64: =IF(OR($F64="",$J64="",$N64="",$R64=""),"",IF($R64>=75,"PASSED","FAILED")) -> PASSED
A65: 2 | B65: =INPUT!B64 -> Bonifacio, Bea | F65: =TERM1!AA64 -> 86 | J65: =TERM2!AA64 -> 81 | N65: =TERM3!AA64 -> 79 | R65: =IF(OR(F65="",J65="",N65=""),"",IF(ISERROR(ROUND(AVERAGE(F65,J65,N65),0)),"",ROUND(AVERAGE(F65,J65,N65),0))) -> 82 | V65: =IF(ISERROR(IF(R65="","",VLOOKUP(R65,DESCRIPTORS,4,TRUE))),"",IF(R65="","",VLOOKUP(R65,DESCRIPTORS,4,TRUE))) -> Benchmarking | Z65: =IF(OR($F65="",$J65="",$N65="",$R65=""),"",IF($R65>=75,"PASSED","FAILED")) -> PASSED
A66: 3 | B66: =INPUT!B65 -> Cruz, Claire | F66: =TERM1!AA65 -> 75 | J66: =TERM2!AA65 -> 76 | N66: =TERM3!AA65 -> 84 | R66: =IF(OR(F66="",J66="",N66=""),"",IF(ISERROR(ROUND(AVERAGE(F66,J66,N66),0)),"",ROUND(AVERAGE(F66,J66,N66),0))) -> 78 | V66: =IF(ISERROR(IF(R66="","",VLOOKUP(R66,DESCRIPTORS,4,TRUE))),"",IF(R66="","",VLOOKUP(R66,DESCRIPTORS,4,TRUE))) -> Connecting | Z66: =IF(OR($F66="",$J66="",$N66="",$R66=""),"",IF($R66>=75,"PASSED","FAILED")) -> PASSED
A67: 4 | B67: =INPUT!B66 -> 0 | F67: =TERM1!AA66 | J67: =TERM2!AA66 | N67: =TERM3!AA66 | R67: =IF(OR(F67="",J67="",N67=""),"",IF(ISERROR(ROUND(AVERAGE(F67,J67,N67),0)),"",ROUND(AVERAGE(F67,J67,N67),0))) | V67: =IF(ISERROR(IF(R67="","",VLOOKUP(R67,DESCRIPTORS,4,TRUE))),"",IF(R67="","",VLOOKUP(R67,DESCRIPTORS,4,TRUE))) | Z67: =IF(OR($F67="",$J67="",$N67="",$R67=""),"",IF($R67>=75,"PASSED","FAILED"))
A68: 5 | B68: =INPUT!B67 -> 0 | F68: =TERM1!AA67 | J68: =TERM2!AA67 | N68: =TERM3!AA67 | R68: =IF(OR(F68="",J68="",N68=""),"",IF(ISERROR(ROUND(AVERAGE(F68,J68,N68),0)),"",ROUND(AVERAGE(F68,J68,N68),0))) | V68: =IF(ISERROR(IF(R68="","",VLOOKUP(R68,DESCRIPTORS,4,TRUE))),"",IF(R68="","",VLOOKUP(R68,DESCRIPTORS,4,TRUE))) | Z68: =IF(OR($F68="",$J68="",$N68="",$R68=""),"",IF($R68>=75,"PASSED","FAILED"))
A69: 6 | B69: =INPUT!B68 -> 0 | F69: =TERM1!AA68 | J69: =TERM2!AA68 | N69: =TERM3!AA68 | R69: =IF(OR(F69="",J69="",N69=""),"",IF(ISERROR(ROUND(AVERAGE(F69,J69,N69),0)),"",ROUND(AVERAGE(F69,J69,N69),0))) | V69: =IF(ISERROR(IF(R69="","",VLOOKUP(R69,DESCRIPTORS,4,TRUE))),"",IF(R69="","",VLOOKUP(R69,DESCRIPTORS,4,TRUE))) | Z69: =IF(OR($F69="",$J69="",$N69="",$R69=""),"",IF($R69>=75,"PASSED","FAILED"))
A70: 7 | B70: =INPUT!B69 -> 0 | F70: =TERM1!AA69 | J70: =TERM2!AA69 | N70: =TERM3!AA69 | R70: =IF(OR(F70="",J70="",N70=""),"",IF(ISERROR(ROUND(AVERAGE(F70,J70,N70),0)),"",ROUND(AVERAGE(F70,J70,N70),0))) | V70: =IF(ISERROR(IF(R70="","",VLOOKUP(R70,DESCRIPTORS,4,TRUE))),"",IF(R70="","",VLOOKUP(R70,DESCRIPTORS,4,TRUE))) | Z70: =IF(OR($F70="",$J70="",$N70="",$R70=""),"",IF($R70>=75,"PASSED","FAILED"))
A71: 8 | B71: =INPUT!B70 -> 0 | F71: =TERM1!AA70 | J71: =TERM2!AA70 | N71: =TERM3!AA70 | R71: =IF(OR(F71="",J71="",N71=""),"",IF(ISERROR(ROUND(AVERAGE(F71,J71,N71),0)),"",ROUND(AVERAGE(F71,J71,N71),0))) | V71: =IF(ISERROR(IF(R71="","",VLOOKUP(R71,DESCRIPTORS,4,TRUE))),"",IF(R71="","",VLOOKUP(R71,DESCRIPTORS,4,TRUE))) | Z71: =IF(OR($F71="",$J71="",$N71="",$R71=""),"",IF($R71>=75,"PASSED","FAILED"))
A72: 9 | B72: =INPUT!B71 -> 0 | F72: =TERM1!AA71 | J72: =TERM2!AA71 | N72: =TERM3!AA71 | R72: =IF(OR(F72="",J72="",N72=""),"",IF(ISERROR(ROUND(AVERAGE(F72,J72,N72),0)),"",ROUND(AVERAGE(F72,J72,N72),0))) | V72: =IF(ISERROR(IF(R72="","",VLOOKUP(R72,DESCRIPTORS,4,TRUE))),"",IF(R72="","",VLOOKUP(R72,DESCRIPTORS,4,TRUE))) | Z72: =IF(OR($F72="",$J72="",$N72="",$R72=""),"",IF($R72>=75,"PASSED","FAILED"))
A73: 10 | B73: =INPUT!B72 -> 0 | F73: =TERM1!AA72 | J73: =TERM2!AA72 | N73: =TERM3!AA72 | R73: =IF(OR(F73="",J73="",N73=""),"",IF(ISERROR(ROUND(AVERAGE(F73,J73,N73),0)),"",ROUND(AVERAGE(F73,J73,N73),0))) | V73: =IF(ISERROR(IF(R73="","",VLOOKUP(R73,DESCRIPTORS,4,TRUE))),"",IF(R73="","",VLOOKUP(R73,DESCRIPTORS,4,TRUE))) | Z73: =IF(OR($F73="",$J73="",$N73="",$R73=""),"",IF($R73>=75,"PASSED","FAILED"))
A74: 11 | B74: =INPUT!B73 -> 0 | F74: =TERM1!AA73 | J74: =TERM2!AA73 | N74: =TERM3!AA73 | R74: =IF(OR(F74="",J74="",N74=""),"",IF(ISERROR(ROUND(AVERAGE(F74,J74,N74),0)),"",ROUND(AVERAGE(F74,J74,N74),0))) | V74: =IF(ISERROR(IF(R74="","",VLOOKUP(R74,DESCRIPTORS,4,TRUE))),"",IF(R74="","",VLOOKUP(R74,DESCRIPTORS,4,TRUE))) | Z74: =IF(OR($F74="",$J74="",$N74="",$R74=""),"",IF($R74>=75,"PASSED","FAILED"))
A75: 12 | B75: =INPUT!B74 -> 0 | F75: =TERM1!AA74 | J75: =TERM2!AA74 | N75: =TERM3!AA74 | R75: =IF(OR(F75="",J75="",N75=""),"",IF(ISERROR(ROUND(AVERAGE(F75,J75,N75),0)),"",ROUND(AVERAGE(F75,J75,N75),0))) | V75: =IF(ISERROR(IF(R75="","",VLOOKUP(R75,DESCRIPTORS,4,TRUE))),"",IF(R75="","",VLOOKUP(R75,DESCRIPTORS,4,TRUE))) | Z75: =IF(OR($F75="",$J75="",$N75="",$R75=""),"",IF($R75>=75,"PASSED","FAILED"))
... A113: 50 | B113: =INPUT!B112 -> 0 | F113: =TERM1!AA112 | J113: =TERM2!AA112 | N113: =TERM3!AA112 | R113: =IF(OR(F113="",J113="",N113=""),"",IF(ISERROR(ROUND(AVERAGE(F113,J113,N113),0)),"",ROUND(AVERAGE(F113,J113,N113),0))) | V113: =IF(ISERROR(IF(R113="","",VLOOKUP(R113,DESCRIPTORS,4,TRUE))),"",IF(R113="","",VLOOKUP(R113,DESCRIPTORS,4,TRUE))) | Z113: =IF(OR($F113="",$J113="",$N113="",$R113=""),"",IF($R113>=75,"PASSED","FAILED"))

Sheet Helper (Do Not Delete)
B2: SUBJECT | C2: WWs | D2: PTs | E2: STs-TE | F2: TOTAL | H2: TRANSMUTATION TABLE | T2: DESCRIPTORS
B3: FILIPINO | C3: 0.2 | D3: 0.5 | E3: 0.3 | F3: =SUM(C3:E3) -> 1 | H3: 0 | I3: - | J3: 39.99 | K3: 60 | T3: 0 | U3: - | V3: 64 | W3: Emerging
B4: ENGLISH | C4: 0.2 | D4: 0.5 | E4: 0.3 | F4: =SUM(C4:E4) -> 1 | H4: 40 | I4: - | J4: 42.99 | K4: 61 | T4: 65 | U4: - | V4: 74 | W4: Developing
B5: MATHEMATICS | C5: 0.2 | D5: 0.5 | E5: 0.3 | F5: =SUM(C5:E5) -> 1 | H5: 43 | I5: - | J5: 45.99 | K5: 62 | T5: 75 | U5: - | V5: 79 | W5: Connecting
B6: SCIENCE | C6: 0.2 | D6: 0.5 | E6: 0.3 | F6: =SUM(C6:E6) -> 1 | H6: 46 | I6: - | J6: 47.99 | K6: 63 | T6: 80 | U6: - | V6: 89 | W6: Benchmarking
B7: ARALING PANLIPUNAN | C7: 0.2 | D7: 0.5 | E7: 0.3 | F7: =SUM(C7:E7) -> 1 | H7: 48 | I7: - | J7: 49.99 | K7: 64 | T7: 90 | U7: - | V7: 100 | W7: Advancing
B8: GMRC | C8: 0.2 | D8: 0.5 | E8: 0.3 | F8: =SUM(C8:E8) -> 1 | H8: 50 | I8: - | J8: 51.99 | K8: 65
B9: EPP | C9: 0.2 | D9: 0.6 | E9: 0.2 | F9: =SUM(C9:E9) -> 1 | H9: 52 | I9: - | J9: 53.99 | K9: 66
B10: TLE | C10: 0.2 | D10: 0.6 | E10: 0.2 | F10: =SUM(C10:E10) -> 1 | H10: 54 | I10: - | J10: 55.99 | K10: 67
B11: VALUES EDUCATION | C11: 0.2 | D11: 0.5 | E11: 0.3 | F11: =SUM(C11:E11) -> 1 | H11: 56 | I11: - | J11: 57.99 | K11: 68
H12: 58 | I12: - | J12: 59.99 | K12: 69
H13: 60 | I13: - | J13: 61.99 | K13: 70
H14: 62 | I14: - | J14: 63.99 | K14: 71
H15: 64 | I15: - | J15: 65.99 | K15: 72
H16: 66 | I16: - | J16: 67.99 | K16: 73
H17: 68 | I17: - | J17: 69.99 | K17: 74
H18: 70 | I18: - | J18: 72.99 | K18: 75
H19: 73 | I19: - | J19: 74.99 | K19: 76
H20: 75 | I20: - | J20: 75.99 | K20: 77
H21: 76 | I21: - | J21: 76.99 | K21: 78
H22: 77 | I22: - | J22: 77.99 | K22: 79
H23: 78 | I23: - | J23: 78.99 | K23: 80
... H43: 99.5 | I43: - | J43: 100 | K43: 100

Sheet DO NOT DELETE
A1: SUBJECT | B1: WRITTEN WORK | C1: PERFORMANCE TASKS | D1: Q. ASSESS-MENT | G1: TRANSMUTATION TABLE
A2: FILIPINO | B2: 0.3 | C2: 0.5 | D2: 0.2 | E2: =SUM(B2:D2) -> 1 | G2: 0 | H2: - | I2: 3.99 | J2: 60
A3: ENGLISH | B3: 0.4 | C3: 0.4 | D3: 0.2 | E3: =SUM(B3:D3) -> 1 | G3: 4 | H3: - | I3: 7.99 | J3: 61
A4: MATHEMATICS | B4: 0.2 | C4: 0.6 | D4: 0.2 | E4: =SUM(B4:D4) -> 1 | G4: 8 | H4: - | I4: 11.99 | J4: 62
A5: SCIENCE | G5: 12 | H5: - | I5: 15.99 | J5: 63 | V5: WW | W5: PT | X5: QA
A6: ARALING PANLIPUNAN | G6: 16 | H6: - | I6: 19.99 | J6: 64 | U6: FILIPINO | V6: 0.3 | W6: 0.5 | X6: 0.2
A7: EDUKASYON SA PAGPAPAKATAO | G7: 20 | H7: - | I7: 23.99 | J7: 65 | U7: ENGLISH | V7: 0.3 | W7: 0.5 | X7: 0.2
A8: EDUKASYONG PANTAHANAN AT PANGKABUHAYAN | G8: 24 | H8: - | I8: 27.99 | J8: 66 | U8: MATHEMATICS | V8: 0.4 | W8: 0.4 | X8: 0.2
A9: MOTHER TONGUE | C9: FIRST | G9: 28 | H9: - | I9: 31.99 | J9: 67 | U9: SCIENCE | V9: 0.4 | W9: 0.4 | X9: 0.2
C10: SECOND | G10: 32 | H10: - | I10: 35.99 | J10: 68 | U10: ARALING PANLIPUNAN | V10: 0.3 | W10: 0.5 | X10: 0.2
C11: THIRD | G11: 36 | H11: - | I11: 39.99 | J11: 69 | U11: EDUKASYON SA PAGPAPAKATAO | V11: 0.3 | W11: 0.5 | X11: 0.2
C12: FOURTH | G12: 40 | H12: - | I12: 43.99 | J12: 70 | U12: EDUKASYONG PANTAHANAN AT PANGKABUHAYAN | V12: 0.2 | W12: 0.6 | X12: 0.2
G13: 44 | H13: - | I13: 47.99 | J13: 71 | U13: MOTHER TONGUE | V13: 0.3 | W13: 0.5 | X13: 0.2
G14: 48 | H14: - | I14: 51.99 | J14: 72
G15: 52 | H15: - | I15: 55.99 | J15: 73 | U15: =U6&U7&U8&U9&U10&U11&U12&U13 -> FILIPINOENGLISHMATHEMATICSSCIENCEARALING PANLIPUNANEDUKASYON SA PAGPAPAKATAOEDUKASYONG PANTAHANAN AT PANGKABUHAYANMOTHER TONGUE
G16: 56 | H16: - | I16: 59.99 | J16: 74 | U16: FILIPINO,ENGLISH,MATHEMATICS,SCIENCE,ARALING PANLIPUNAN,EDUKASYON SA PAGPAPAKATAO,EDUKASYONG PANTAHANAN AT PANGKABUHAYAN,MOTHER TONGUE
G17: 60 | H17: - | I17: 61.59 | J17: 75
G18: 61.6 | H18: - | I18: 63.19 | J18: 76
G19: 63.2 | H19: - | I19: 64.79 | J19: 77
G20: 64.8 | H20: - | I20: 66.39 | J20: 78
G21: 66.4 | H21: - | I21: 67.99 | J21: 79
G22: 68 | H22: - | I22: 69.59 | J22: 80
G23: 69.6 | H23: - | I23: 71.19 | J23: 81
G24: 71.2 | H24: - | I24: 72.79 | J24: 82
G25: 72.8 | H25: - | I25: 74.39 | J25: 83
G26: 74.4 | H26: - | I26: 75.99 | J26: 84
G27: 76 | H27: - | I27: 77.59 | J27: 85
G28: 77.6 | H28: - | I28: 79.19 | J28: 86
... G41: 98.4 | H41: - | I41: 99.99 | J41: 99
G42: 100 | H42: - | J42: 100
